﻿{
  "___general___": {
    "DateTime": { "editor": "datetime" },
    "String": { "editor": "text" }
  },
  "BasePersonalizationObject": { "__deleted": { "ignore": true } },
  "Content": {
    "Item": { "ignore": true },
    "PrimaryServiceType": {
      "editor": "selector",
      "editorOptions": [ "provider=camstarServices" ]
    },
    "WorkspaceCode": { "ignore": true },
    "Layout": {
      "category": "Layout",
      "type": "GridLayout",
      "readOnly": true,
      "accessor": "Content_Layout"
    },
    "WPManagerType": { "ignore": true },
    "CollapsibleGroups": { "ignore": true },
    "RemovedWebParts": { "ignore": true },
    "ElementsOrder": { "ignore": true },
    "DriverComponent": {
      "editor": "selector",
      "editorOptions": [ "provider=elements", "filter=controls" ]
    },
    "DefaultButton": {
      "editor": "selector",
      "editorOptions": [ "provider=elements", "filter=buttons" ]
    },
    "TitleLabel": {
      "category": "Appearance",
      "editor": "labelLookup",
      "editorOptions": [ "provider=labelDefinition", "parameter=Title" ],
      "accessor": "LabelName"
    },
    "LastModified": {
      "readOnly": true,
      "category": "History"
    },
    "LastModifiedBy": {
      "readOnly": true,
      "category": "History"
    },
    "Created": {
      "readOnly": true,
      "category": "History"
    },
    "HowLong": {
      "readOnly": true,
      "category": "History"
    },
    "CreatedBy": {
      "readOnly": true,
      "category": "History"
    },
    "DataContract": {
      "hidden": true
    },
    "DataContractMembers": {
      "type": "UIComponentDataMember[]",
      "accessor": "DataContract"
    }
  },
  "PageContent": {
    "PrimaryServiceType": {
      "editor": "selector",
      "editorOptions": [ "provider=camstarServices" ]
    },
    "WPManagerType": { "ignore": true },
    "CollapsibleGroups": { "ignore": true },
    "RemovedWebParts": { "ignore": true },
    "Connections": {
      "type": "ConnectionDataContract[]"
    },
    "CSSClass": {
      "category": "Layout",
      "accessor": "PageContent_CSSClass"
    },
    "DriverComponent": {
      "editor": "selector",
      "editorOptions": [ "provider=elements", "filter=controls" ]
    },
    "IsReference": { "ignore": true },
    "Title": { "category": "Appearance" },
    "TitleLabel": {
      "category": "Appearance",
      "editor": "labelLookup",
      "editorOptions": [ "provider=labelDefinition", "parameter=Title" ],
      "accessor": "LabelName"
    },
    "Name": {},
    "ComponentName" : { "ignore" : true },
    "DynamicWebParts": {
      "editor": "collection",
      "readOnly": true,
      "accessor": "DynamicWebParts"
    },
    "DefaultButton": {
      "editor": "selector",
      "editorOptions": [ "provider=elements", "filter=buttons" ]
    },
    "Zones": { "ignore": true },
    "Style": { "ignore" : true},
    "Items" : {"ignore" : true},
    "Item" : {"ignore" : true},
    "AllowEditCondition":{
      "category": "Behavior",
      "type": "ConditionExpression"
    },
    "StaticWebParts": { "ignore" : true}
  },

  "PageFlowContent": {
    "ActionGroups": { "ignore": true },
    "Actions": { "ignore": true },
    "CSSClass": { "ignore": true },
    "DataContractMembers": { "ignore": true },
    "DefaultButton": { "ignore": true },
    "DriverComponent": { "ignore": true },
    "HorizontalAlignment": { "ignore": true },
    "Layout": { "ignore": true },
    "PrimaryServiceType": { "ignore": true },
    "TitleLabel": { "ignore": true },
    "Node": { "ignore": true },
    "Description": {},
    "Name": {}
  },
  "PageFlowNode": {
    "Transition": { "ignore": true },
    "NodeType": { "ignore": true },
    "PageDescriptionLabelName": {
      "editor": "labelLookup",
      "editorOptions": [ "provider=labelDefinition", "parameter=PageDescriptionLabelText" ],
      "accessor": "LabelName"
    },
    "PageTitleLabelName": {
      "accessor": "LabelName",
      "editor": "labelLookup",
      "editorOptions": [ "provider=labelDefinition", "parameter=PageTitleLabelText" ]
    },
    "IsStartPage": {
      "type": "Boolean"
    },
    "Location": {
      "type":  "string"
    }
  },
  "PageTransition": {
    "TargetNode": { "ignore": true },
    "RuleCondition": {
      "type":  "ConditionExpression",
      "editor": "expression"
    }
  },

  "WebPartDefinition": {
    "Item": { "ignore": true },
    "ActionGroups": { "ignore": true },
    "IsReference": { "ignore" : true },
    "CollapsibleGroups": {
      "type": "CollapsibleGroupType[]"
    },
    "DefaultButton": { "ignore": true },
    "DirtyFlagTrigger": {
      "type": "Boolean",
      "defval": "true"
    },
    "DriverComponent": {
      "editor": "selector",
      "editorOptions": [ "provider=elements", "filter=controls" ],
      "ignore": true
    },
    "Width": {
      "category": "Layout",
      "editor": "text",    
      "type": "px"
    },
    "Height": {
      "category": "Layout",
      "editor": "text",      
      "type": "px"
    },
    "DisplayBorder": {
      "category": "Layout",
      "editor": "boolean",
      "type": "boolean",
      "defval": false
    },
    "DisplayFooter": {
      "category": "Layout",
      "editor": "boolean",
      "type": "boolean",
      "defval": false
    },
    "DisplayHeader": {
      "category": "Layout",
      "editor": "boolean",
      "type": "boolean",
      "defval": false
    },
    "HorizontalAlignment": {
      "category": "Layout",
      "editor": "enum",
      "accessor": "Cell_StyleProp",
      "type": "HorizontalAlignment"
    },
    "VerticalAlignment": {
      "category": "Layout",
      "editor": "enum",
      "accessor": "Cell_StyleProp",
      "type": "VerticalAlignment"
    },
    "ClientPropertyConditions": {
      "category": "Behavior",
      "type": "ClientPropertyConditionExpression[]",
      "ignore": false
    },
    "WPPropertyConditions": {
      "displayedName": "PropertyConditions",
      "category": "Behavior",
      "type": "PropertyConditionExpression[]",
      "editor": "propertyCondition"
    },
    "Items": { "ignore" : true },
    "DynamicWebParts": { "ignore": true },
    "Title": { "category": "Appearance" },
    "ComponentName" : { "ignore" : true },
    "Hidden": {
      "displayedName" : "Hidden",
      "type": "boolean",
      "category": "Appearance"
    },
    "CssClass": {
      "category": "Layout"
    },
    "Style": { "ignore": true},
    "Padding": {
      "category": "Layout",
      "editor": "modal",
      "accessor": "Padding",
      "type": "Padding",
      "editorOptions": [ "provider=margins" ]
    },
    "Margin": {
      "category": "Layout",
      "editor": "modal",
      "accessor": "Margin",
      "type": "Margin",
      "editorOptions": [ "provider=margins" ]
    },
    "Control":{"ignore": true}
  },
  "SessionVariable":{
    "ID": {
      "required": true,
      "editor": "text",
      "editorOptions": [ "parameter=asName", "parameter=asItemName" ]
    }
  },
  "UIAction": {
    "IsDynamicAction": { "ignore": true },
    "DynamicDysplayMode": {
      "displayedName": "DynamicDisplayMode",
      "editor": "enum",
      "category": "Appearance"
    },
    "CommandName": { "ignore": true },
    "ConditionHandler": {
      "editor": "selector",
      "editorOptions": [ "provider=actionHandlers", "parameter=Condition" ]
    },
    "ServiceName": {
      "editor": "selector",
      "editorOptions": [ "provider=camstarServices" ]
    },
    "LabelName": {
      "category": "Appearance",
      "accessor": "LabelName",
      "editor": "labelLookup",
      "editorOptions": [ "provider=labelDefinition", "parameter=LabelText" ]
    },
    "LabelText": { "category": "Appearance" },
    "ButtonPosition": {
      "category": "Layout",
      "type": "ButtonPositionTypeEnum",
      "editor": "enum"
    },
    "ActionCategory": {
      "editor": "selector",
      "editorOptions": [ "provider=ndoInstances", "parameter=ActionCategory" ]
    },
    "HorizontalShift": {
      "type": "HorizontalShiftOptions",
      "category": "Layout"
    },
    "Index": {
      "type": "int",
      "editor": "text",
      "category": "Layout"
    },
    "Location": {
      "category": "Layout",
      "type": "ActionLocationEnum",
      "editor": "enum"
    }
  },
  "Style": {
    "Padding": {
      "category": "Layout",
      "editor": "modal",
      "accessor": "Padding",
      "type": "Padding",
      "editorOptions": [ "provider=margins" ]
    },
    "Margin": {
      "category": "Layout",
      "editor": "modal",
      "accessor": "Margin",
      "type": "Margin",
      "editorOptions": [ "provider=margins" ]
    }
  },
  "DynamicActionsType": {
    "ServiceName": {
      "editor": "selector",
      "editorOptions": [ "provider=camstarServices" ]
    }
  },
  "ConnectionDefinition": {
    "ID": { "displayedName": "Name" },

    "FromWebPartName": { "hidden": true },
    "FromWebPart": {
      "editor": "selector",
      "editorOptions": [ "provider=elements", "filter=webpart" ],
      "accessor": "ConnectionDefinition_FromWebPart"
    },
    "ToWebPartName": { "hidden": true },
    "ToWebPart": {
      "editor": "selector",
      "editorOptions": [ "provider=elements", "filter=webpart" ],
      "accessor": "ConnectionDefinition_ToWebPart"
    },
    "ToTypeName": { "ignore": true },
    "FromTypeName": { "ignore": true },
    "ConnectionType": { "ignore": true }
  },
  "ControlDefinition": {
    "ClientID": { "ignore": true },
    "ElementsOrder": { "ignore": true },
    "Item": { "ignore": true },
    "Items": { "ignore": true },
    "Type": {
      "readOnly": true,
      "accessor": "Control_Type"
    },
    "TypeName": { "ignore": true },
    "Description": {},
    "ToolTip": {
      "category": "Appearance",
      "displayedName": "ToolTipText"
    },
    "ToolTipLabel": {
      "category": "Appearance",
      "accessor": "LabelName",
      "editor": "labelLookup",
      "editorOptions": [ "provider=labelDefinition", "parameter=ToolTip" ]
    },
    "TabIndex": {},
    "Enabled": {
      "category": "Appearance",
      "type": "Boolean",
      "defval": true
    },
    "Visible": {
      "category": "Appearance",
      "type": "Boolean",
      "defval":true
    },
    "ClearDataWhenDisabled": {
      "category": "Behavior",
      "type": "Boolean",
      "defval": false
    },
    "EventHandlers": {
      "category": "Behavior",
      "type": "EventHandlerMapItem[]"
    },
    "ClientEventHandlers": {
      "category": "Behavior",
      "type": "ClientGenericEventHandler[]"
    },
    "PropertyConditions": {
      "category": "Behavior",
      "type": "PropertyConditionExpression[]",
      "editor": "propertyCondition"
    },
    "ClientPropertyConditions": {
      "category": "Behavior",
      "type": "ClientPropertyConditionExpression[]"
    },
    "IsCustom": {
      "category": "Behavior",
      "type": "Boolean",
      "defval": false,
      "hidden": true
    },
    "ControlHeight": {
      "displayedName": "Height",
      "category": "Layout",
      "editor": "text",
      "type": "px"
    },
    "ControlWidth": {
      "displayedName": "Width",
      "category": "Layout",
      "editor": "text",
      "type": "px"
    },
    "LabelWidth": {
      "category": "Layout",
      "editor": "text",
      "type": "px"
    },
    "ControlMargin": {
      "displayedName": "Margin",
      "category": "Layout",
      "accessor": "Margin",
      "editor": "modal",
      "type": "Margin",
      "editorOptions": [ "provider=margins" ]
    },
    "ControlCSSClass": { 
      "category": "Layout", 
      "displayedName":  "CSSClass"
    },
    "LabelName": {
      "category": "Appearance",
      "accessor": "LabelName",
      "editor": "labelLookup",
      "editorOptions": [ "provider=labelDefinition", "parameter=LabelText" ]
    },
    "LabelText": { "category": "Appearance" },
    "LabelPosition": {
      "category": "Appearance",
      "editor": "enum",
      "type": "LabelPositionType",
      "defval": "Top"  
    },
    "LabelLengthBehavior": {
      "category": "Appearance",
      "editor": "enum",
      "type": "LabelLengthBehaviorType",
      "defval": "Wrap"
    }
  },
  "PropertyConditionExpression": {
    "__deleted": { "ignore": true },
    "Property": {
      "editor": "selector",
      "editorOptions": [ "provider=elementProperties" ]
    }
  },
  "ConditionExpression": {
    "__deleted": { "ignore": true },
    "LeftValueColumnName": {
      "displayedName": "ColumnName",
      "category":"Equivalency",
      "order": 1
    },
    "ComparisonType": {
      "displayedName": "Comparison",
      "category":"Equivalency",
      "type": "ConditionComparisonType",
      "editor": "enum",
      "order": 2
    },
    "Value1": {
      "displayedName": "LeftValue",
      "category":"Equivalency",
      "type": "SetDataValueItem",
      "order": 3
    },
    "Value2": {
      "displayedName": "RightValue",
      "category":"Equivalency",
      "type": "SetDataValueItem",
      "order": 4
    }
  },
  "ClientSetDataValueItem": { 
    "__deleted": { "ignore": true }, 
    "Context":{"ignore":true}
  },
  "ValueReference": {
    "__deleted": { "ignore": true },
    "ConnectionType": {
      "editor": "enum",
      "type": "DataMemberConnectionType",
      "accessor": "ValueReference_DependenceType",
      "order": 1,
      "required": true,
      "defval": "Control"
    },
    "Key": {
      "editor": "selector",
      "dependencies": [ "ConnectionType" ],
      "order":  2
    },
    "Property": {
      "editor": "selector",
      "editorOptions": [ "provider=elementProperties" ],
      "dependencies": [ "ConnectionType", "Key" ],
      "order": 3
    }
  },
  "SetDataValueItem": {
    "RequestDataMode": {
      "type": "RequestDataModeType",
      "editor": "enum",
      "accessor": "RequestDataMode",
      "order": 4
    },
    "Initiators": {
      "type": "InitiatorDefinition[]",
      "editor": "collection",
      "editorOptions": [ "provider=propertyConditionInitiators" ]
    },
    "Event": {
      "order": 5,
      "editor": "selector",
      "editorOptions": [ "provider=elementProperties", "parameter=Events" ],
      "dependencies": [ "ConnectionType", "Key" ]      
    },
    "Context":{"ignore":true}
  },
  "ClientHandlerParameter": { 
    "__deleted": { "ignore": true },
    "Value":{
      "type" : "ClientSetDataValueItem"
    }
  },
  "CustomListValueMapItem": { "Name": { "displayedName": "DisplayName" } },
  "UIComponentDataMember": {
  },
  "EventHandlerMapItem": {
    "Event": { 
      "order" : 1,
      "editor": "selector",
      "editorOptions": [ "provider=elementProperties", "parameter=Events"]
    },
    "HandlerSource": {  
      "order": 2,
      "type": "HandlerOwnerType",
      "editor": "enum",
      "accessor": "Event_HandlerSource"
    },
    "Control": { 
      "order": 3,
      "editor": "selector",
      "editorOptions": [ "provider=elements", "filter=controls" ],
      "dependencies":["HandlerSource"]      
    },
    "Handler":{
      "order": 4,
      "editor": "selector",
      "editorOptions": [ "provider=handlers" ],
      "accessor": "EventHandlerMapItem_Handler",
      "dependencies":["HandlerSource", "Control"]
    }
  },
  "GenericEventHandler": {
    "Parameters": {
      "order":5,
      "type": "HandlerParameter[]",
      "accessor": "EventHandlerMapItem_Parameters",
      "dependencies":["Control"]
    }
  },
  "ClientGenericEventHandler": {
    "Event": { 
      "order" : 1,
      "editor": "selector",
      "editorOptions": [ "provider=elementProperties", "parameter=ClientEvents"]
    },
    "HandlerSource": {
      "order": 2,
      "editor": "enum",
      "type": "ClientHandlerOwnerType",
      "accessor": "Event_HandlerSource"
    },
    "Control": { 
      "order": 3,
      "editor": "selector",
      "editorOptions": [ "provider=elements", "filter=controls" ],
      "dependencies":["HandlerSource"]
    },
    "Handler":{
      "order": 4,
      "editor": "selector",
      "editorOptions": [ "provider=clientHandlers" ],
      "dependencies":["HandlerSource", "Control"]
    },
    "Parameters": {
      "order":5,
      "type": "ClientHandlerParameter[]",
      "dependencies":["Control"]
    }
  },
  "HandlerParameter":{
    "Value":{
      "type" : "SetDataValueItem"
    }
  },
  "PageMappingAction": {
    "__typeDisplayedName__":{"defval":"Map"},
    "MapItem": {
      "editor": "selector",
      "editorOptions": [ "provider=pageMappings" ]
    }
  },    
  "PageflowRedirectAction": {
    "__typeDisplayedName__":{"defval":"PageFlow"},
    "PageflowName": {
      "editor": "selector",
      "editorOptions": [ "provider=ndoInstances", "parameter=UIPageFlow" ]
    }
  },
  "PageRedirectAction": {
    "__typeDisplayedName__":{"defval":"Page"},
    "PageName": {
      "editor": "selector",
      "editorOptions": [ "provider=ndoInstances", "parameter=UIVirtualPage" ]
    }
  },
  "UIComponentDataContractLink": {
    "SourceMember": {
      "editor": "selector",
      "editorOptions": [ "provider=contractDataMembers", "filter=sourceContracts", "parameter=asItemName"]
    },
    "TargetMember": {
      "editor": "selector",
      "editorOptions": [ "provider=contractDataMembers", "filter=targetContracts" ]
    }
  },
  "UIComponentDataContractReturnLink": {
    "SourceMember": {
      "editor": "selector",
      "editorOptions": [ "provider=contractDataMembers", "filter=targetContracts", "parameter=asItemName"]
    },
    "TargetMember": {
      "editor": "selector",
      "editorOptions": [ "provider=contractDataMembers", "filter=sourceContracts" ]
    }
  },
  "QueryStringParameter": {
    "SourceMember": {
      "editor": "selector",
      "editorOptions": [ "provider=contractDataMembers", "filter=sourceContracts" ]
    }
  },
  "RedirectAction": {
    "InitContractHandler": {
      "editor": "selector",
      "editorOptions": [ "provider=contractDataMembers", "filter=initContracts" ],
      "dependencies": [ "ComponentName" ]
    },
    "PortalTab": {
      "editor": "selector",
      "editorOptions": [ "provider=ndoInstances", "parameter=PortalTab" ]
    },
    "PortalTabOption": {
      "type": "PortalTabOption",
      "displayedName": "PortalTabOption"
    },
    "DataContractLinks": { 
      "type": "UIComponentDataContractLink[]",
      "accessor": "DataContract"
    },
    "DataContractMap": { "ignore": true }
  },
  "OMTypeDescriptor": {
    "LinkField": {
      "editor": "selector",
      "editorOptions": [ "provider=linkFields" ]
    },
    "ChildItems": { "ignore": true },
    "Position": { "ignore": true },
    "Uid": { "ignore": true }
  },
  "FloatPageOpenAction": {
    "__typeDisplayedName__":{"defval":"Popup"},    
    "InitContractHandler": {
      "editor": "selector",
      "editorOptions": [ "provider=contractDataMembers", "filter=initContracts" ]
    },
    "PageName": {
      "editor": "selector",
      "editorOptions": [ "provider=ndoInstances", "parameter=UIVirtualPage" ]
    },
    "MapItem": {
      "editor": "selector",
      "editorOptions": [ "provider=pageMappings" ]
    },
    "DataContractMap": { "ignore": true },
    "DataContractReturnMap": { "ignore": true },
    "DataContractLinks": { 
      "type": "UIComponentDataContractLink[]",
      "accessor": "DataContract"
    },
    "DataContractReturnLinks": { 
      "type": "UIComponentDataContractReturnLink[]",
      "accessor": "DataContract"
    }
  },
  "SubmitAction": {
    "__typeDisplayedName__":{"defval":"Submit"}
  },
  "CustomAction": {
    "__typeDisplayedName__":{"defval":"Custom"},
    "ClearValues": {},
    "IsReturn": {
      "type":"Boolean"
    },
    "CustomMethodHandler": {
      "editor": "selector",
      "editorOptions": [ "provider=actionHandlers", "parameter=Custom" ]
    }
  },
  "LinkAction": {
    "__typeDisplayedName__":{"defval":"Link"}    
  },
  "ConnectionDataContract": {
    "ConnectionType": { "ignore": true },
    "DataContractLinks": { 
      "type": "UIComponentDataContractLink[]",
      "accessor": "DataContract"
    },
    "DataContractMap": { "ignore": true }
  },

  "InitiatorDefinition": {
    "Name": {
      "order": 1,
      "editor": "text"
    },
    "Key": {
      "order": 2,
      "editor": "selector",
      "editorOptions": [ "provider=elements" ]
    },
    "Event": {
      "order": 3,
      "editor": "selector",
      "editorOptions": [ "provider=elementProperties", "parameter=Events" ],
      "dependencies": [ "Key" ]
    }
  },
  "TagItemType": {
    "EditorClientId": { "ignore": true },
    "TagItemSource": {
      "accessor": "TagItemSource",
      "type": "TagItemSourceType",
      "editor": "enum"
    },
    "TagItemValue": {
      "displayedName": "Control",
      "editor": "selector",
      "editorOptions": [ "provider=elements" ]
    }
  },
  "ImageConditionExpression": {
    "Image": {
      "editor": "selector",
      "editorOptions": [ "provider=imageFiles" ]
    }
  },
  "DependsOnItem": {
    "DependenceType": {
      "order": 1,
      "editor": "enum",
      "accessor": "SelectionDependsOnItem_DependenceType",
      "defval": "Control"
    },
    "DependenceValue": {
      "displayedName": "Control",
      "order": 2,
      "dependencies": [ "DependenceType" ]
    },
    "RequestDataMode": {
      "order": 3,
      "editor": "enum",
      "accessor": "RequestDataMode",
      "dependencies": [ "DependenceType"],
      "defval": "OnDemand"
    },
    "AllowEmptyValue":{
      "type": "boolean",
      "order" : 4
    },
    "Event": { 
      "editor": "selector",
      "editorOptions": [ "provider=elementProperties", "parameter=Events" ],
      "dependencies": [ "DependenceType", "DependenceValue"]
    },
    "ServiceName": {
      "editor": "text"
    },
    "Method": {
      "editor": "text"
    }
  },
  "ValueFilterDependsOnItem": {
    "DependenceType": { "ignore": true },
    "RequestDataMode": { "ignore": true },
    "Event": { "ignore": true },
    "AllowEmptyValue": { "ignore": true },
    "Initiators": { "ignore": true },
    "DependenceValue": {
      "displayedName": "Control",
      "editor": "selector",
      "editorOptions": [ "provider=elements" ]
    }
  },
  "SelectionDataSourceMap": {
    "SourceType": {
      "type": "SelectionDataSourceType",
      "editor": "enum",
      "order": 1,
      "accessor": "SelectionDataSourceMap_SourceType"
    },
    "QueryExecutionMode": {
      "order": 2,
      "editor": "enum",
      "accessor": "SelectionDataSourceMap_QueryExecutionMode"
    },
    "QueryType": {
      "order": 3,
      "editor": "enum"
    },
    "Query": { 
      "order": 4,
      "editor": "modal",
      "accessor": "SelectionDataSourceMap_Query",
      "editorOptions": [ "provider=queryBuilder", "parameter=refresh" ]
    },
    "Parameters": {
      "order": 5,
      "editor": "collection",
      "type": "QueryBoundGridParameter[]"
    }
  },
  "GridLayoutCell": {
    "Column": {
      "readOnly": true,
      "accessor": "Cell_Column"
    },
    "ColumnSpan": {
      "accessor": "Cell_ColumnSpan",
      "readOnly": true
    },
    "CSSClass": {
      "category": "Layout",
      "accessor": "Cell_StyleProp"
    },
    "HorizontalAlignment": { 
      "category": "Layout",
      "accessor": "Cell_StyleProp",
      "type": "HorizontalAlignment",
      "editor": "enum"
    },
    "IsStatic": {"readOnly": true },
    "Items": { "ignore": true },
    "Orientation": { 
      "category": "Layout",
      "accessor": "Cell_StyleProp",
      "type": "Orientations",
      "editor": "enum"
    },
    "Padding": {
      "category": "Layout",
      "editor": "modal",
      "accessor": "Padding",
      "type": "Padding",
      "editorOptions": [ "provider=margins" ]
    },
    "Margins": {
        "category": "Layout",
        "editor": "modal",
        "accessor": "Margin",
        "type": "Margin",
        "editorOptions": [ "provider=margins" ]
    },
    "Row": {
    "readOnly": true,
    "accessor": "Cell_Row"
    },
    "RowSpan": {
      "readOnly": true,
      "accessor": "Cell_RowSpan"
    },
    "SectionRowNumber": { "ignore": true },
    "StaticName": { "ignore": true },
    "TypeName": { "ignore": true },
    "VerticalAlignment": { 
      "category": "Layout",
      "accessor": "Cell_StyleProp",
      "type": "VerticalAlignment",
      "editor": "enum"
    },
    "Style": { "ignore": true }
  },

  "JQGridCustomScript": {
    "Handler": {
      "editor": "text",
      "editorOptions": [ "area" ]
    }
  },

  "JQFieldBase": {
    "CustomScriptHandlers": {
      "type": "JQGridCustomScript[]",
      "accessor": "JQGridCustomScript"
    }
  },

  "GridDataSettingsBase": {
    "CustomScriptHandlers": {
      "type": "JQGridCustomScript[]",
      "accessor": "JQGridCustomScript"
    }
  },

  "GridLayout": {
    "Cells": { "ignore": true },
    "RemovedCells": { "ignore": true },
    "RemovedItems": { "ignore": true },
    "Item": { "ignore": true }
  },
  "SelectionDependsOnItem": {
    "DependenceType": {
      "type": "DependsOnItemType",
      "editor": "enum",
      "order": 1,
      "accessor": "SelectionDependsOnItem_DependenceType"
    },
    "DependenceValue": {
      "displayedName": "Control",
      "order": 2,
      "dependencies": [ "DependenceType" ]
    },
    "Event": { "ignore": true },
    "RequestDataMode" : {"ignore":true}
  },
  "Button@ControlDefinition": {
    "DefaultAction": {
      "type": "UIAction"
    },
    "DefaultImage": {
      "editor": "selector",
      "editorOptions": [ "provider=imageFiles" ]
    },
    "ClearFormData": {
      "category": "behavior",
      "type": "boolean",
      "defval": false
    },
    "ImageCondition": { "type": "ImageConditionExpression[]" },
    "Confirmation": { "type": "Confirmation" },
    "IsPrimary": {
      "type": "Boolean",
      "defval": true
    },
    "LeftSideCssClass": { "category": "Appearance" },
    "MiddleSideCssClass": { "category": "Appearance" },
    "RightSideCssClass": { "category": "Appearance" }
  },
  "Breadcrumb@ControlDefinition": { },
  "Label@ControlDefinition": {},
  "JQDataGrid@ControlDefinition": {
    "Settings": {
      "category": "Behavior",
      "type": "GridDataSettingsBase",
      "editor": "object",
      "editorOptions": [ "parameter=noTypeSelector" ]
    },
    "GridDataMode": {
      "category": "Behavior",
      "editor": "enum",
      "type": "GridDataModes",
      "defval": "ItemList",
      "accessor": "GridDataMode"
    },
    "DefaultColumnWidth": {
      "category": "Layout",
      "editor": "text",
      "type": "px",
      "defval": "150"
    },
    "DisableValueClearing": {
      "category": "Behavior",
      "editor": "boolean",
      "defval": false
    },
    "DataSubmissionMode": {
      "category": "Data",
      "editor": "enum",
      "type": "DataSubmissionModeType",
      "defval": "NotSet"
    },
    "SetDataDependencies": {
      "category": "Dependency",
      "displayedName": "SetData",
      "type": "SetDataValueItem[]"
    },
    "RequestDataDependencies": {
      "category": "Dependency",
      "displayedName": "RequestData",
      "type": "DependsOnItem[]"
    },
    "SelectionData": {
      "category": "Dependency",
      "type": "SelectionDependsOnItem[]"
    },
    "DataLoadMode": {
      "category": "Dependency",
      "editor": "enum",
      "type": "RetrieveListType",
      "defval": "OnPageLoad"
    },
    "Hidden": {
      "category": "Appearance",
      "type": "boolean",
      "defval": false
    },
    "IsCustom": { "ignore": true },
    "AutoPostBack": {
      "category": "Behavior",
      "type": "Boolean",
      "defval": "false"
    }
  },
  "JQSubGridSettings": {
    "GridControl": {
      "editor": "selector",
      "editorOptions": [ "provider=elements", "filter=controls" ]
    }
  },
  "GridDataSettingsSelVal": {
    "FieldExpressions": {
      "editor": "modal",
      "editorOptions": [ "provider=fieldExpression", "parameter=refresh" ],
      "accessor": "GridColumns"
    },
    "RequestFieldExpression": {
      "displayedName": "SelectionValuesExpressions",
      "editor": "modal",
      "editorOptions": [ "provider=fieldExpression", "parameter=refresh" ],
      "accessor": "GridColumns"
    }
  },
  "GridDataSettingsItemList": {
    "FieldExpressions": {
      "editor": "modal",
      "editorOptions": [ "provider=fieldExpression", "parameter=refresh" ],
      "accessor": "GridColumns"
    },
    "RequestFieldExpression": {
      "editor": "modal",
      "editorOptions": [ "provider=fieldExpression", "parameter=refresh" ],
      "accessor": "GridColumns"
    },
    "IsRequiredLabelName": {
      "accessor": "LabelName",
      "editor": "labelLookup",
      "editorOptions": [ "provider=labelDefinition" ]
    }
  },

  "JQGridLayoutSettings":{
    "SequenceColumn": {
      "editor": "selector",
      "editorOptions": [ "provider=gridColumns" ]
    }
  },

  "GridDataSettingsPredefinedQuery": {
    "FieldExpressions": {
      "editor": "modal",
      "editorOptions": [ "provider=fieldExpression"]
    },
    "Query": {
      "editor": "modal",
      "editorOptions": [ "provider=queryBuilder", "parameter=refresh" ],
      "accessor": "query_GridColumnsSetup"
    },
    "QueryType":{
      "hidden" : true
    }
  },
  "GridDataSettingsAdHocQuery": {
    "FieldExpressions": {
      "editor": "modal",
      "editorOptions": [ "provider=fieldExpression" ]
    },
    "QueryText": {
      "editor": "modal",
      "editorOptions": [ "provider=queryBuilder", "parameter=refresh" ],
      "accessor": "query_GridColumnsSetup"
    }
  },
  "ContainerListGrid@ContainerList": {
    "Settings": { "type": "GridDataSettingsSelVal" },
    "IsRequiredLabelName": { "ignore": true },
    "RequestValueExpressions": {
      "editor": "modal",
      "editorOptions": [ "provider=fieldExpression" ]
    },
    "Label": { "ignore": true },
    "ItemsPerPage": { "ignore": true }
  },
  "MultiSelectPickList@PickListControl": {
    "Settings": { "type": "GridDataSettingsSelVal" },
    "DisplayValueText": {},
    "DisplayValueLabel": {
      "category": "Appearance",
      "accessor": "LabelName",
      "editor": "labelLookup",
      "editorOptions": [ "provider=labelDefinition", "parameter=DisplayValueText" ]
    }
  },
  "ActionsControl": {
    "ActionsStyle": {
      "category": "Behavior",
      "editor": "enum",
      "type": "ActionsStyleType",
      "defval": "Link"
    },
    "AvailableActionsContainer": {
      "category": "Behavior",
      "editor": "selector",
      "editorOptions": [ "provider=elements", "filter=controls" ]
    },
    "AvaliableActionsType": { "category": "Behavior" },
    "IncludeHandlerActions": {
      "category": "Behavior",
      "type": "Boolean",
      "defval": "true"
    },
    "Items1": { "ignore": true },
    "DriverComponent": { "ignore": true },
    "LastModified": { "ignore": true },
    "LastModifiedBy": { "ignore": true },
    "Created": { "ignore": true },
    "CreatedBy": { "ignore": true },
    "HowLong": { "ignore": true },
    "IsReference": { "ignore": true },
    "Items": { "ignore": true },
    "Layout": { "ignore": true }
  },
  "UserWebPartControl@": {
    "UserControlPath": { "required": true }
  },
  "WebPartsWrapperControl@ControlDefinition": {
    "Section": {
      "category": "Layout",
      "type": "SectionDefinition",
      "readOnly": true,
      "accessor": "SectionDefinition"
    }
  },
  "SectionContainer@WebPartsWrapperControl": {
    "OptionalLabelText": { "category": "Appearance"},
    "OptionalLabelName": {
      "category": "Appearance",
      "accessor": "LabelName",
      "editor": "labelLookup",
      "editorOptions": [ "provider=labelDefinition", "parameter=OptionalLabelText" ]
    },
    "DefaultState": {
      "category": "Appearance",
      "editor": "enum",
      "type": "CollapsableState"
    }
  },
  "DataCollection@ControlDefinition": {},
  "StatusMessage@ControlDefinition": {},
  "ShopFloorDCControl@ControlDefinition": {
    "MaxWidth": {
      "type": "int",
      "category": "Layout"
    },
    "Orientation": {
      "category": "Layout",
      "type": "Orientations",
      "editor": "enum",
      "defval" : "Native"
    },
    "FieldExpressions": {
      "editor": "modal",
      "editorOptions": [ "provider=fieldExpression" ]
    }
  },
  "ConnectionProfileData": {
    "Server": { "displayedName": "BOServer" },
    "UserName": { "ignore": true },
    "Password": { "ignore": true },
    "BOAuthType": { "ignore": true }
  },
  "WebiReport@ControlDefinition": {
    "ConnectionProfile": { 
      "category": "Report Settings",
      "type": "ConnectionProfileData" 
    },
    "BOTechnology": {
      "category": "Report Settings",
      "type": "BOTechnologyType",
      "editor": "enum",
      "defval": "Java"
    },
    "BOAuthentication": {
      "category": "Report Settings",
      "type": "BOAuthenticationType",
      "editor": "enum",
      "defval": "Enterprise"
    },
    "InfoViewServer": {
      "category": "Report Settings"
    },
    "InfoViewPort": {
      "category": "Report Settings"      
    },
    "UseHttps": {
      "category": "Report Settings",
      "type": "boolean",
      "defval" : false
    },
    "ReportName": {
      "category": "Report Settings",
      "editor": "modal",
      "editorOptions": [ "provider=webiReports" ],
      "accessor": "Intelligence_ReportName"
    },
    "Parameters": { 
      "category": "Report Settings",
      "type": "CRParameter[]" ,
      "dependencies":["ReportName"]
    },
    "ToolTip": {
      "category": "General",
      "displayedName": "ToolTipText"
    },
    "ToolTipLabel": {
      "category": "General",
      "accessor": "LabelName",
      "editor": "labelLookup",
      "editorOptions": [ "provider=labelDefinition", "parameter=ToolTip" ]
    }
  },
  "InstructionText@FieldDataDefinition": {
    "DefaultState": {
      "type": "CollapsableState",
      "defval": "Collapsed"
    },
    "ExpandFull": {
      "type": "boolean",
      "defval": true
    }
  },
  "Checklist@FieldDataDefinition": {
    "PreviewMode": { "type": "boolean", "defval" : false }
  },
  "Duration@FieldDataDefinition": {
    "ShowFormat": {
      "type": "boolean",
      "defval": true
    },
    "ProcessTimerRefreshInterval": {
      "editor": "text",
      "type": "int",
      "defval": 5
    }
  },
  "InquiryControl@FieldDataDefinition": {
    "FormatData": {}
  },
  "WorkflowViewerControl@FieldDataDefinition": {
    "Workflow": {
      "type": "SetDataValueItem[]"
    },
    "WorkflowMaint": {
      "displayedName": "WorkflowServiceType",
      "editor": "selector",
      "editorOptions": [ "provider=camstarServices" ],
      "defval":"WorkflowMaint"
    },
    "SpecFieldExpression": {
      "editor": "modal",
      "editorOptions": [ "provider=fieldExpression" ]
    },
    "SubWorkflowFieldExpression": {
      "editor": "modal",
      "editorOptions": [ "provider=fieldExpression" ]
    }
  },
  "DiscoveryAreaControl@DropDownList": {

  },
  "ToggleContainer@SectionContainer": {
    "CollapsedLabelText": { "category": "Appearance"},
    "CollapsedLabelName": {
      "editor": "labelLookup",
      "category": "Appearance",
      "editorOptions": [ "provider=labelDefinition", "parameter=CollapsedLabelText" ],
      "accessor": "LabelName"
    },
    "ExpandedLabelText": { "category": "Appearance"},
    "ExpandedLabelName": {
      "category": "Appearance",
      "editor": "labelLookup",
      "editorOptions": [ "provider=labelDefinition", "parameter=ExpandedLabelText" ],
      "accessor": "LabelName"
    },
    "LabelName": {
      "category": "Appearance",
      "editor": "labelLookup",
      "editorOptions": [ "provider=labelDefinition", "parameter=LabelText" ],
      "accessor": "LabelName"
    },
    "LabelText": { "category": "Appearance" },
    "ShowLabelOptional": {
      "type": "Boolean",
      "category": "Appearance",
      "defval":false
    },
    "ToggleDisplayMode": {
      "category": "Appearance",
      "editor": "enum",
      "type": "ToggleDisplayModeType"
    },
    "ClientSideToggle": {
      "type": "Boolean",
      "category": "Appearance"
    }
  },
  "RibbonContainer@ToggleContainer": {},
  "SectionDropDown@ControlDefinition": {
    "ImageCondition": { "type": "ImageConditionExpression[]" },
    "DefaultImage": {},
    "Resizable": { "type": "Boolean", "defval" : false },
    "Hidden": {
      "type": "Boolean",
      "category": "Appearance",
      "defval" : false
    },
    "Section": {
      "category": "Layout",
      "type": "SectionDefinition",
      "readOnly": true,
      "accessor": "SectionDefinition"
    },
    "AltOpenLabelNameText": { "category": "Appearance", "displayedName": "AltOpenLabelText" },
    "AltOpenLabelName": {
      "category": "Appearance",
      "accessor": "LabelName",
      "editor": "labelLookup",
      "editorOptions": [ "provider=labelDefinition", "parameter=AltOpenLabelNameText" ]
    },
    "AltCloseLabelNameText": {
      "category": "Appearance", "displayedName": "AltCloseLabelText"
    },
    "AltCloseLabelName": {
      "category": "Appearance",
      "accessor": "LabelName",
      "editor": "labelLookup",
      "editorOptions": [ "provider=labelDefinition", "parameter=AltCloseLabelNameText" ]
    }
  },
  "SectionDropDownMobile@ControlDefinition": {
    "ImageCondition": { "type": "ImageConditionExpression[]" },
    "DefaultImage": {},
    "Resizable": { "type": "Boolean", "defval" : false },
    "Hidden": {
      "type": "Boolean",
      "category": "Appearance",
      "defval" : false
    },
    "Section": {
      "category": "Layout",
      "type": "SectionDefinition",
      "readOnly": true,
      "accessor": "SectionDefinition"
    },
    "AltOpenLabelNameText": { "category": "Appearance", "displayedName": "AltOpenLabelText" },
    "AltOpenLabelName": {
      "category": "Appearance",
      "accessor": "LabelName",
      "editor": "labelLookup",
      "editorOptions": [ "provider=labelDefinition", "parameter=AltOpenLabelNameText" ]
    },
    "AltCloseLabelNameText": {
      "category": "Appearance", "displayedName": "AltCloseLabelText"
    },
    "AltCloseLabelName": {
      "category": "Appearance",
      "accessor": "LabelName",
      "editor": "labelLookup",
      "editorOptions": [ "provider=labelDefinition", "parameter=AltCloseLabelNameText" ]
    }
  },
  "FieldDataDefinition@ControlDefinition": {
    "LabelPosition": {
      "type": "LabelPositionType",
      "editor": "enum",
      "defval": "Top"
    },
    "SetDataDependencies": {
      "category": "Dependency", 
      "displayedName": "SetData",
      "type": "SetDataValueItem[]"
    },
    "ClientSetDataDependencies": {
      "category":  "Dependency",
      "displayedName": "ClientSetData",
      "type": "ClientSetDataValueItem[]"
    },
    "DefaultValue": {},
    "CDOType": {},
    "DataSubmissionMode": {
      "editor": "enum",
      "type": "DataSubmissionModeType",
      "defval": "NotSet"
    },
    "FieldExpressions": {
      "dependencies": [ "Label" ],
      "editor": "modal",
      "editorOptions": [ "provider=fieldExpression" ]
    },
    "RequestValueExpressions": {
      "displayedName": "RequestFieldExpressions",
      "editor": "modal",
      "editorOptions": [ "provider=fieldExpression" ]
    },
    "RequestDataDependencies": {
      "displayedName": "RequestData",
      "type": "DependsOnItem[]"
    },
    "DisableValueClearing": {
      "type": "boolean",
      "defval": false
    },
    "StickyCapable": {
      "type": "boolean",
      "defval": false
    },
    "StickyDefault": {
      "type": "boolean",
      "defval": false
    },
    "ReadOnly": {
      "type": "boolean",
      "defval": false
    },
    "Required": {
      "type": "boolean",
      "defval": false
    },
    "PageFlowRequired": {
      "type": "boolean",
      "defval": false
    },
    "Label": {"ignore": true}
  },
  "ChildPanelSettings": {
    "DataContractLinks": { 
      "type": "UIComponentDataContractLink[]",
      "accessor": "DataContract"
    },
    "DataContractMap": { "ignore": true },
    "DataContractReturnLinks": { 
      "type": "UIComponentDataContractReturnLink[]",
      "accessor": "DataContract"
    },
    "DataContractReturnMap": { "ignore": true },
    "PageName" : {
      "editor": "selector",
      "editorOptions": [ "provider=ndoInstances", "parameter=UIVirtualPage" ]
    }
  },
  "FlyoutDropDown@ControlDefinition": {
    "ImageCondition": { "type": "ImageConditionExpression[]" },
    "DefaultImage": {},
    "PanelSettings": { "type": "ChildPanelSettings" }
  },

  "PagePanel@ControlDefinition": {
    "PanelSettings": { "type": "ChildPanelSettings" }
  },
  "ImageControl@ControlDefinition": {
    "ImageCondition": { "type": "ImageConditionExpression[]" },
    "DefaultImage": {}
  },
  "ViewDocumentsControl@FieldDataDefinition": {

  },
  "LinkButton@ControlDefinition": {
    "DefaultAction": { "type": "UIAction" },
    "DefaultImage": {}
  },
  "ModelingObjectList@ControlDefinition": {
    "DisplayObjectsForExport": {
      "type": "boolean",
      "defval": false
    },
    "OpenPagesInTheSameTab": {
      "type": "boolean",
      "defval": false
    }
  },
  "TitleControl@ControlDefinition": {
    "NoTitle": {
      "type": "boolean",
      "defval": false
    },
    "Required": {
      "type": "boolean",
      "defval": false
    }
  },
  "Scales@ControlDefinition": {
    "LabelPosition": { "ignore": true },
    "LabelName": { "ignore": true },
    "LabelText": { "ignore": true },
    "ActualWeightPosition": {
      "category":"Appearance",
      "type": "ScaleLabelPositionType",
      "editor": "enum",
      "defval": "Left"
    },
    "ActualWeightUOM": {
      "category":"Appearance"      
    },
    "RenderScaleSettings": {
      "category":"Appearance",
      "type":"Boolean",
      "defval":true
    },
    "ActualWeightLabelName": { 
      "category":"Appearance",
      "accessor": "LabelName",
      "editor": "labelLookup",
      "editorOptions": [ "provider=labelDefinition", "parameter=ActualWeightLabelText" ]
    },
    "ActualWeightLabelText": {
      "category":"Appearance"      
    },
    "AboveMaxZoneColor":{
      "category":"Appearance",
      "defval":"#CB0000"
    },
    "TargetMaxZoneColor":{
      "displayedName": "TargetZoneColor",
      "category":"Appearance",
      "defval":"#326500"
    },
    "BelowMinZoneColor":{
      "category":"Appearance",
      "defval":"#FECB00"
    },
    "TargetMinimumWeight": { "type": "SetDataValueItem" },
    "ZoomPercentage": {
      "category":"Appearance",
      "type": "int",
      "editor":"text",
      "defval": 10
    },
    "TargetMaximumWeight": { "type": "SetDataValueItem" },
    "TargetWeight": { "type": "SetDataValueItem" },
    "ScaleMin": { "type": "SetDataValueItem" },
    "ScaleMax": { "type": "SetDataValueItem" }
  },
  
  "PlmVisWebControl@ControlDefinition": {
    "LabelPosition": { "ignore": true },
    "LabelName": {
      "ignore": true,
      "editor": "labelLookup"
    },
	"ModelName": { "type": "SetDataValueItem" },
    "ModelFileName": { "type": "SetDataValueItem", "displayedName": "ModelDocumentRef" }
  },
  "LastChangeInfo@ControlDefinition": {
  },
  "PIMetric@ControlDefinition": {
    "Target": { "type": "SetDataValueItem", "category": "Data" },
    "RefreshCondition": { "type": "SetDataValueItem", "category": "Behavior" },
    "ValueQueryName": { 
        "editor": "selector", 
        "editorOptions": [ "provider=queryBuilder", "parameter=userQuery", "parameter=emptyItem"],
        "accessor": "PIMetricQueryName",
        "category": "Data" 
    },
    "ValueQueryParameters": {
        "type": "CRParameter[]", 
        "category": "Data" 
    },
    "ValueColumn": { 
        "editor": "selector", 
        "editorOptions": [ "provider=queryColumns", "parameter=userQuery"],
        "category": "Data" 
    },
    "UOMLabel": {
      "accessor": "LabelName",
      "editor": "labelLookup", 
      "editorOptions": [ "provider=labelDefinition", "parameter=UOMText" ]
    },
    "UOMText": { "editor": "text", "category": "Appearance" },
    "TargetMatrix": { 
        "editor": "selector", 
        "editorOptions": [ "provider=targetMatrices"],
        "category": "Data" 
    },
    "TargetMatrixParameters": { 
        "type": "CRParameter[]", 
        "category": "Data" 
    },
    "ContextLabel": {
      "accessor": "LabelName",
      "editor": "labelLookup", 
      "editorOptions": [ "provider=labelDefinition", "parameter=ContextText" ]
    },
    "ContextText": { "editor": "text", "category": "Appearance" },
    "PILabel": {
      "accessor": "LabelName",
      "editor": "labelLookup", 
      "editorOptions": [ "provider=labelDefinition", "parameter=PIText" ]
    },
    "PIText": { "editor": "text", "category": "Appearance" },
    "DisplayQueryErrorMessage": {"type": "boolean", "defval": false, "category": "Data"},
    "TrendQueryName": { 
        "editor": "selector", 
        "editorOptions": [ "provider=queryBuilder", "parameter=userQuery", "parameter=emptyItem"],
        "accessor": "PIMetricQueryName",
        "category": "Data" 
    },
    "TrendQueryParameters": { 
        "type": "CRParameter[]", 
        "category": "Data" 
    },
    "TrendValueColumn": { 
        "editor": "selector", 
        "editorOptions": [ "provider=queryColumns", "parameter=userQuery"],
        "category": "Data" 
    },
    "PIAction": { "type": "UIAction", "category": "Data" },
    "TargetZone": {"editor": "enum", "type": "TargetZoneType", "defval":"Above"}	
  },
  "PageTabContainer@ControlDefinition": {
    "IsDirtyAllowed": {"type": "boolean", "defval": false, "category": "Appearance"}
  },
  
  "WebPartContainer@ControlDefinition": {
    "WebPartName": {"editor": "text", "category": "Behavior"}
  },  
  
  "TabDefinition": {
    "LabelText": {
      "displayedName": "Title",
      "category": "Appearance"
    },
    "LabelName": {
      "displayedName": "TitleLabel",
      "category": "Appearance",
      "accessor": "LabelName",
      "editor": "labelLookup",
      "editorOptions": [ "provider=labelDefinition", "parameter=LabelText" ]
    },
    "Layout": {
      "readOnly": true,
      "category": "Layout",
      "type": "GridLayout"
    }
  },
  "JQTabContainer@ControlDefinition": {
    "LabelPosition": { "ignore": true },
    "LabelName": {
      "ignore": true,
      "editor": "labelLookup"
    },
    "LabelText": { "ignore": true },
    "LabelLengthBehavior": { "ignore": true },
    "ClearDataWhenDisabled": { "ignore": true },
    "DisableValueClearing": { "ignore": true },
    "IsCustom": { "ignore": true },
    "ToolTip": { "ignore": true },
    "LabelWidth": { "ignore": true },
    "TabDefinitions": {
      "displayedName": "Tabs",
      "category": "Layout",
      "type": "TabDefinition[]",
      "accessor": "JQTabContainer_Tabs"
    }
  },
  "TaskListSlideMenu@FieldDataDefinition": {
    "RequestTaskFieldExpression": {},
    "RequestTaskListFieldExpression": {}
  },
  "PickListControl@FieldDataDefinition": {
    "IsInlineControl": {
      "type": "boolean",
      "defval": false,
      "hidden": true
    },
    "SelectLeafOnly": {
      "type": "boolean",
      "defval": false
    },
    "DisplayPanelOnly": {
      "type": "boolean",
      "defval": false
    },
    "AllowFreeFormEntry": {
      "type": "boolean",
      "defval": true
    },
    "ValidateFreeFormTextEntry": {
      "type": "boolean",
      "defval": false
    },
    "ForceDataChanged": {
      "type": "boolean",
      "defval": false
    },
    "AutoPostBack": {
      "type": "boolean",
      "defval": false
    },
    "DisplayMode": {
      "type": "DisplayModeType",
      "editor": "enum",
      "defval": "PickList"
    },
    "AutopopulateSingleItem": {
      "type": "boolean",
      "defval": true
    },
    "HideFilter": {
      "type": "boolean",
      "defval": false
    },
    "ListDisplayExpression": {},
    "RetrieveList": {
      "type": "RetrieveListType",
      "editor": "enum",
      "defval": "OnDemand"
    },
    "ListValueColumn": {},
    "ItemsPerPage": {
      "category": "Appearance",
      "type": "int",
      "editor": "text"
    },
    "SelectionDataSource": { "type": "SelectionDataSourceMap" },
    "SelectionValuesExpressions": {
      "editor": "modal",
      "editorOptions": [ "provider=fieldExpression" ]
    },
    "SelectionDataDependencies": {
      "displayedName": "SelectionData",
      "type": "SelectionDependsOnItem[]"
    },
    "ValueFilterDataDependencies": {
      "category":  "Dependency",
      "displayedName": "ValueFilter",
      "type": "ValueFilterDependsOnItem[]"
    },
    "SubmitButton": {
      "editor": "selector",
      "editorOptions": [ "provider=elements", "filter=buttons" ]
    },
    "DisableAutoFiltering":{
      "category":"Behavior",
      "type": "Boolean",
      "defval":false
    }    
  },
  "DropDownList@PickListControl": {
    "CustomListValues": { "type": "CustomListValueMapItem[]" }
  },
  "NamedObject@PickListControl": {
    "CustomData": {
      "type": "boolean",
      "defval": false
    },
    "SmartScanTypeName": {}
  },
  "NamedSubentity@NamedObject": {
    "ValueFormat": {
      "type": "SubentityValueFormat",
      "editor": "enum",
      "defval": "Name"
    },
    "TypeFormat": {
      "type": "SubentityTypeFormat",
      "editor": "enum",
      "defval": "NamedSubentity"
    },
    "SubentityParent": {
      "type": "SetDataValueItem[]"
    },
    "GroupByColumnName": {},
    "ShowParent": {
      "type": "boolean",
      "defval": true
    },
    "ParentValueColumn": {},
    "ParentValueFormat": {
      "type": "SubentityValueFormat",
      "defval": "Name"
    }
  },
  "ContainerList@PickListControl": {
    "SmartScanTypeName": {}
  },
  "FileBrowse@PickListControl": {
    "FileMask": {},
    "DirectoryPath": {},
    "BrowseMode": {
      "type": "BrowseModeType",
      "editor": "enum",
      "defval": "FileAndFolder"
    },
    "DirectoryMode": {
      "type": "DirectoryModeType",
      "editor": "enum",
      "defval": "Web"
    },
    "FilePathFormat": {
      "type": "FilePathFormatType",
      "editor": "enum",
      "defval": "FullPath"
    }
  },
  "TextBox@FieldDataDefinition": {
    "TextMode": {
      "type": "TextBoxMode",
      "editor": "enum",
      "defval": "SingleLine"
    },
    "MaxLength": {
      "editor": "text",
      "type": "int"
    },
    "TextMasking": {
      "type": "TextBoxMaskingModeMap"
    },
    "SmartScanTypeName": {
      "type": "SmartScanTypeName"
    },
    "Prompt": {},
    "AutoPostBack": {
      "type": "Boolean",
      "defval": false
    }
  },
  "TextEditor@TextBox": {},

  "ChartControl@FieldDataDefinition": {
    "ChartMode": {
      "category":"Appearance",
      "editor" : "enum",
      "type": "ChartModeType",
      "defval": "Line"
    },
    "ShowLegend": {
      "category":"Appearance",
      "type": "Boolean",
      "defval": "true"
    },
    "SeriesValueColumn": { 
      "category":"Selection Values",
      "defval": "seriesId" 
    },
    "TooltipColumn":{
      "category":"Selection Values",
      "defval":"tooltip"
    },
    "XAxis": { 
      "category":"Selection Values",
      "type": "AxisSettings" 
    },
    "YAxis": { 
      "category":"Selection Values",
      "type": "AxisSettings" 
    },
    "SelectionDataSource": { 
      "category":"Selection Values",
      "type": "SelectionDataSourceMap"
    },
    "SeriesSettings":{
      "category":"Appearance",
      "type" : "SeriesSettings[]"
    },
    "ValueColumn":{
      "category":"Selection Values",
      "defval":"value"
    }
  },
  "SeriesSettings":{    
    "ShapeValue":{"ignore":true},
    "Key":{}
  },
  "AxisSettings":{
    "LabelName": { 
      "accessor": "LabelName",
      "editor": "labelLookup",
      "editorOptions": [ "provider=labelDefinition", "parameter=LabelText" ]
    }
  },
  "ScrollableMenu@FieldDataDefinition": {},
  "SPCChartData": {
    "IsRefresh": { "ignore": true },
    "Exclude": { "ignore": true },
    "ResourceName": {
      "editor": "selector",
      "editorOptions": [ "provider=ndoInstances", "parameter=Resource" ]
    },
    "SPCChartName": {
      "editor": "selector",
      "editorOptions": [ "provider=ndoInstances", "parameter=SPCChartDef" ]
    },
    "SPCChartGroupName": {
      "editor": "selector",
      "editorOptions": [ "provider=ndoInstances", "parameter=SPCChartDefGroup" ]
    },
    "DCDName": {
      "editor": "selector",
      "editorOptions": [ "provider=ndoInstances", "parameter=UserDataCollectionDef" ]
    }
  },
  "CrystalReport@ControlDefinition": {
    "DataSource": {
      "category": "appearance",
      "editor": "selector",
      "editorOptions": [ "provider=reportDataSources" ]
    },
    "HasDrilldownTabs": {
      "category": "appearance",
      "type": "boolean",
      "defval": false
    },
    "HasToggleGroupTreeButton": {
      "category": "appearance",
      "type": "boolean",
      "defval": false
    },
    "HasToggleParameterPanelButton": {
      "category": "appearance",
      "type": "boolean",
      "defval": false
    },
    "DisplayToolbar": {
      "category": "appearance",
      "type": "boolean",
      "defval": false
    },
    "ReportTemplate": { 
      "category": "appearance",
      "type": "RevisionedObjectRef",
      "editor": "selector",
      "editorOptions": [ "provider=reportTemplates" ],
      "accessor": "RevisionedObjectRef_accessor"
    },
    "ZoomFactor": {
      "category": "appearance",
      "editor": "text",
      "type": "int",
      "defval": 1.5
    },
    "Parameters": { 
      "category": "appearance",
      "type": "CRParameter[]" 
    }
  },
  "SPCChartControl@ControlDefinition": {
    "SPCChartParams": { "type": "SPCChartData" }
  },
  "RevisionedObject@NamedObject": {
    "RDOFormat": {
      "type": "RDOFormatType",
      "defval": "Standard"
    },
    "RevisionDisplayExpression": {},
    "Revision": { "type": "SetDataValueItem[]" }
  },
  "WorkflowNavigator@RevisionedObject": {
    "LabelName": { 
      "accessor": "LabelName",
      "editor": "labelLookup" ,
      "editorOptions": ["provider=labelDefinition", "parameter=LabelText"]
    },
    "LabelText": {},
    "ToStepValuesExpressions": {
      "defval": ".ToStep",
      "editor": "modal",
      "editorOptions": [ "provider=fieldExpression" ]
    },
    "ToWorkflowStackExpressions": {
      "defval": ".ToWorkflowStack",
      "editor": "modal",
      "editorOptions": [ "provider=fieldExpression" ]
    },
    "RevisionDataExpressions": {
      "editor": "modal",
      "editorOptions": [ "provider=fieldExpression" ]
    }
  },
  "UserFields@FieldDataDefinition": {

  },
  "DateChooser@FieldDataDefinition": {
    "CustomDateTimeFormat": {},
    "UseCurrentTime": {
      "type": "boolean",
      "defval": false
    },
    "ShowDateOnly": {
      "type": "boolean",
      "defval": false
    },
    "AdjustmentValue": { "type": "DateOffset" },
    "MaskingEnabled": {
      "type": "boolean",
      "defval": true
    }
  },
  "ColorPicker@FieldDataDefinition": {
  },
  "IFrame@FieldDataDefinition": {
    "URL": {},
    "QueryStringParams": { "type": "QueryStringParameter[]" }
  },
  "FileInput@FieldDataDefinition": {
    "AutoPostBack": {
      "type": "boolean",
      "defval": false
    }
  },
  "CheckBox@FieldDataDefinition": {
    "LabelPosition": {
      "type": "LabelPositionType",
      "editor":"enum",
      "defval": "Left"
    },
    "AutoPostBack": {
      "type": "boolean",
      "defval": false
    }
  },
  "RadioButton@CheckBox": {
    "GroupName": {},
    "NotesText": {},
    "NotesTextLabelName": {
      "category": "appearance",
      "accessor": "LabelName",
      "editor": "labelLookup",
      "editorOptions": [ "provider=labelDefinition", "parameter=NotesText" ]
    },
    "TextClickable": {
      "type": "boolean",
      "defval": false
    }
  },

  "RadioButtonList@RadioButton": {
    "RegionalFieldExpressions": {
      "category":"Data",
      "editor": "modal",
      "editorOptions": [ "provider=fieldExpression" ]
    },
    "BaseFieldExpressions": {
      "category":"Data",
      "editor": "modal",
      "editorOptions": [ "provider=fieldExpression" ]
    },
    "AddUnknownOption": {
      "category":"Data",
      "type": "boolean",
      "defval": false
    },
    "RegionalDataSubmissionMode": {
      "category":"Data",
      "type": "DataSubmissionModeType",
      "editor": "enum",
      "defval":"NotSet"
    },
    "RepeatDirection": {
      "category":"Data",
      "type": "RepeatDirectionType",
      "editor": "enum",
      "defval": "Horizontal"
    },
    "Selection": {
      "category":"Data",
      "type": "SelectionType",
      "editor": "enum",
      "defval": "Enumeration"
    },
    "ListDisplayExpression": {"category":"Data"},
    "ListValueColumn":{
      "category":"Data"
    }
  },
  "BooleanDropDown@FieldDataDefinition": {
    "TrueLabel": {
      "category": "appearance",
      "accessor": "LabelName",
      "editor": "labelLookup",
      "editorOptions": [ "provider=labelDefinition" ]
    },
    "FalseLabel": {
      "category": "appearance",
      "accessor": "LabelName",
      "editor": "labelLookup",
      "editorOptions": [ "provider=labelDefinition" ]
    },
    "AutoPostBack": {
      "type": "boolean",
      "defval": false
    },
    "Label":  { "ignore":  true}
  },
  "BooleanSwitch@CheckBox": {
    "BooleanSwitchDisplayMode": {
      "category": "appearance",
      "editor": "enum",
      "type": "BooleanSwitchDisplayModeType",
      "defval": "RadioButton"
    },
    "RepeatDirection": {
      "category": "appearance",
      "type": "RepeatDirectionType",
      "defval": "Horizontal"
    },
    "YesLabelName": {
      "category": "appearance",
      "accessor": "LabelName",
      "editor": "labelLookup",
      "editorOptions": [ "provider=labelDefinition", "parameter=YesLabelText" ]
    },
    "YesLabelText": {
      "category": "appearance"
    },
    "NoLabelName": {
      "category": "appearance",
      "accessor": "LabelName",
      "editor": "labelLookup",
      "editorOptions": [ "provider=labelDefinition", "parameter=NoLabelText" ]
    },
    "NoLabelText": {
      "category": "appearance"
    },
    "LabelPosition": {
      "category": "Appearance",
      "editor": "enum",
      "type": "LabelPositionType",
      "defval": "Left"  
    }
  },
  "ReadOnly@FieldDataDefinition": {},

  "ReadOnlyDate@FieldDataDefinition": {},

  "ReadOnlyEnum@FieldDataDefinition": {},

  "TargetMatrixItem": {
    "ImportedFileName": { "readOnly": true, "displayedName": "FileName" },
    "Rows" : {       
      "accessor" : "TargetMatrixItem_Rows",
      "editor": "modal",
      "editorOptions": [ "provider=targetMatrixRows", "parameter=refresh"]
    }
  },
  "HTMLPanel@ControlDefinition": {
    "HTMLText": {
      "category": "behavior",
      "editor": "text",
      "editorOptions":["parameter=longText"]
    },
    "TemplateFile": {
      "category": "behavior",
      "editor": "text"
    }
  },
  "NamedDataObjectChanges": {
    "CDOTypeName": { "hidden": true },
    "AttachAsRORProxy": { "ignore": true },
    "AssociatedPackages": { "ignore": true },
    "AttachDocumentDetails": { "ignore": true },
    "ChangeHistory": { "ignore": true },
    "IconId": { "ignore": true },
    "FieldAction": { "ignore": true },
    "IsContainer": { "ignore": true },
    "IsEmpty": { "ignore": true },
    "IsFrozen": { "ignore": true },
    "IsNDO": { "ignore": true },
    "IsRDO": { "ignore": true },
    "ListItemAction": { "ignore": true },
    "ListItemIndex": { "ignore": true },
    "ObjectToChange": { "ignore": true },
    "IgnoreTypeDifference": { "ignore": true },
    "InstanceLocked": { "ignore": true },
    "Self": { "ignore": true },
    "UseROR": { "ignore": true },
    "UseRORProxy": { "ignore": true }
  },
  "NamedObjectRef@": {
    "Name": {
      "editor": "selector",
      "editorOptions": [ "provider=ndoInstances", "parameter=#CDOTypeName" ]
    }
  },
  "NewBrowserDisplayEnum@enum": {
    "InCurrentTab": { "defval": 0 },
    "InNewBrowser": { "defval": 1 },
    "InNewTab": { "defval": 2 }
  },

  "NamedDataObjectChanges@": {
    "Name": { "editor": "text" },
    "Description": {
      "editor": "text",
      "category": "simple"
    },
    "FilterTags": {
      "editor": "text",
      "category": "simple"
    },
    "Notes": { "editor": "text" }
  },

  "PortalMenuItemChanges@": {
    "Caption": {
      "required": true,
      "editor": "text",
      "editorOptions": [ "parameter=asName", "parameter=asItemName" ]
    },
    "LabelName":{
      "category": "Appearance",
      "editor": "labelLookup",
      "editorOptions": [ "provider=labelDefinition", "parameter=LabelText" ]
    },

    "Sequence": {
      "editor": "text",
      "type": "int"
    },
    "PortalTab": {
      "editor": "selector",
      "category": "simple",
      "editorOptions": [ "provider=ndoInstances", "parameter=PortalTab" ]
    }
  },

  "PortalTabOptionEnum@enum":{
    "Inherit":{ "defval":1 },
    "NewTab":{"defval":2},
    "SpecifiedTab":{"defval":3}
  },

  "PortalMenuCommandChanges@PortalMenuItemChanges": {
    "PageFlow": {
      "editor": "selector",
      "editorOptions": [ "provider=ndoInstances", "parameter=UIPageFlow" ]
    },
    "LabelName":{
      "category": "Appearance",
     
      "editor": "labelLookup",
      "editorOptions": [ "provider=labelDefinition", "parameter=LabelText" ]
    },
    "PageDisplay": {
      "editor": "enum",
      "type": "NewBrowserDisplayEnum"
    },
    "PortalTabOption": {
      "editor": "enum",
      "type": "PortalTabOptionEnum",
      "category": "simple"
    },
    "PageURL": { "editor": "text" },
    "QueryString": { "editor": "text" },
    "ServiceName": {
      "editor": "selector",
      "editorOptions": [ "provider=camstarServices" ]
    },
    "VirtualPage": {
      "editor": "selector",
      "editorOptions": [ "provider=ndoInstances", "parameter=UIVirtualPage" ]
    }
  },
  "PortalMenuSubMenuChanges@PortalMenuItemChanges": {
    "LabelName":{
      "category": "Appearance",
      "editor": "labelLookup",
      "editorOptions": [ "provider=labelDefinition", "parameter=LabelText" ]
    },
    "MenuDefinition": {
      "type": "string",
      "editor": "selector",
      "editorOptions": [ "provider=ndoInstances", "parameter=PortalMenuDefinition" ]
    }
  },
  "PortalMenuDefinitionChanges@NamedDataObjectChanges": {
    "MenuItems": {
      "editor": "collection",
      "category": "simple",
      "type": "PortalMenuItemChanges[]"
    },
    "Name": { "editor": "text" },
    "PortalTab": {
      "editor": "selector",
      "category": "simple",
      "editorOptions": [ "provider=ndoInstances", "parameter=PortalTab" ]
    },
    "PortalTabOption": {
      "editor": "enum",
      "category": "simple",
      "type": "PortalTabOptionEnum"
    }
  },
  "PortalTabChanges@NamedDataObjectChanges": {
    "IconUrl": {
      "editor": "selector",
      "editorOptions": [ "provider=imageFiles" ],
      "category": "simple"
    },
    "FilterTags":{"ignore" : true},
    "Name": {
      "editor": "text",
      "category": "simple"
    }
  },
  "UITargetConditionChanges@": {
    "ConditionType": {
      "type": "ConditionTypeEnum",
      "editor": "enum"
    },
    "ConditionValue": {},
    "Parameter": {}
  },
  "UITargetLinkChanges@": {
    "SourceMember": {},
    "TargetMember": {}
  },
  "UISourcePageChanges@": {
    "Sequence": {
      "editor": "text",
      "type": "int"
    },
    "UIVirtualPage": {
      "editor": "selector",
      "editorOptions": [ "provider=ndoInstances", "parameter=UIVirtualPage" ],
      "type": "NamedObjectRef"
    }
  },
  "HorizontalShiftOptionsChanges@":{
    "HorizontalShiftDirection":{
      "type": "UIHorizontalShiftTypeEnum",
      "editor": "enum"
    },
    "HorizontalShiftValue":{"type":"int", "editor":"text"}
  },
  "ActionLocationEnum@enum":{
    "ActionPanel": { "defval": 1 },
    "Button": { "defval": 2 }
  },
  "PermissionDefinitionChanges@":{
    "DisplayMode":{"type":"PermissionDisplayModeEnum", "editor":"enum"},
    "PagePermission":{"type":"boolean"},
    "ServicePermisson":{"type":"boolean"}
  },
  "UIActionChanges@": {
    "__abstract__":{},
    "ActionCategory": {
      "editor": "selector",
      "editorOptions": [ "provider=ndoInstances", "parameter=ActionCategory" ]
    },
    "ButtonPosition": {
      "category": "Layout",
      "type": "ButtonPositionType",
      "editor": "enum"
    },
    "ConditionHandler": {
      "editor": "selector",
      "editorOptions": [ "provider=actionHandlers", "parameter=Condition" ]
    },
    "Description": {
      "editor": "text"
    },
    "DisableCondition": {},
    "DisplayMode":{
      "type":"UIDisplayModeEnum",
      "editor" : "enum"
    },
    "ESignatureRequired":{
      "type" : "boolean"      
    },
    "HiddenCondition":{},
    "HorizontalShift":{
      "type":"HorizontalShiftOptionsChanges"
    },
    "IsDisabled":{"type": "boolean"},
    "IsHidden":{"type": "boolean"},
    "IsPrimary":{"type": "boolean"},
    "LabelName": {
      "accessor": "LabelName",
      "editor": "labelLookup",
      "editorOptions": [ "provider=labelDefinition", "parameter=LabelText" ]
    },
    "LabelText": {},
    "Location":{
      "type":"ActionLocationEnum", "editor":"enum"
    },
    "Permissions":{
      "type":"PermissionDefinitionChanges"      
    },
    "ReloadValues":{"type":"boolean"},
    "Sequence": {
      "editor": "text",
      "type": "int"
    },
    "ServiceName": {
      "editor": "selector",
      "editorOptions": [ "provider=camstarServices" ]
    },
    "SPCEnabled":{"type":"boolean"},
    "WIPMessagesRequired":{"type":"boolean"}
  },
  "UICustomActionChanges@UIActionChanges": {
    "__typeDisplayedName__":{"defval":"Custom"},
    "Name": {"ignore":true},
    "ClearValues": {"type": "boolean"},
    "CustomMethodHandler":{},
    "IsReturn": {"type": "boolean"},
    "Parameters": {}    
  },
  "UILinkActionChanges@UIActionChanges": {
    "Name": {"ignore":true},
    "__typeDisplayedName__":{"defval":"Link"},
    "URL":{},
    "QueryStringParameters":{"type": "QueryStringParametersChanges"}
  },
  "UIPortalTabOptionEnum@enum":{
    "CurrentTab":{ "defval":1 },
    "NewTab":{"defval":2},
    "SpecifiedTab":{"defval":3}
  },
  "UIRedirectActionChanges@UIActionChanges": {
    "__typeDisplayedName__":{"defval":"Map"},
    "Name": {"ignore":true},
    "DataContractMap":{
      "type":"UITargetLinkChanges[]"
    },
    "DenyDataContract": {
      "type": "boolean"
    },
    "MapItem": {
      "type": "string"
    },
    "ForceRedirect":{
      "type":"boolean"
    },
    "InitContractHandler":{
      "editor":"selector",
      "editorOptions": [ "provider=contractDataMembers", "filter=initContracts" ]      
    },
    "PortalTab": {
      "editor": "selector",
      "editorOptions": [ "provider=ndoInstances", "parameter=PortalTab" ]
    },
    "PortalTabOption": {
      "editor":"enum",
      "type": "UIPortalTabOptionEnum"
    }
  },
  "UIPageRedirectActionChanges@UIRedirectActionChanges": {
    "__typeDisplayedName__":{"defval":"Page"},
    "Name": {"ignore":true},
    "UIVirtualPage": {
      "editor": "selector",
      "editorOptions": [ "provider=ndoInstances", "parameter=UIVirtualPage" ],
      "type": "NamedObjectRef"
    }
  },
  "UIPageFlowActionChanges@UIRedirectActionChanges": {
    "__typeDisplayedName__":{"defval":"PageFlow"},
    "Name": {"ignore":true},
    "UIPageFlow": {
      "editor": "selector",
      "editorOptions": [ "provider=ndoInstances", "parameter=UIPageFlow" ],
      "type": "NamedObjectRef"
    }
  },
  "ButtonLabelChanges@":{
    "LabelText":{},
    "LabelName":{}
  },
  "UIFloatPageLayoutChanges@":{
    "CloseButton":{
      "type":"ButtonLabelChanges"
    },
    "OKButton":{
      "type":"ButtonLabelChanges"
    }
  },
  "UIFloatPageLocationChanges@":{
    "Height":{"type":"px", "editor":"text"},
    "Width":{"type":"px", "editor":"text"}
  },
  "UIFloatPageOpenActionChanges@UIActionChanges": {
    "__typeDisplayedName__":{"defval":"Popup"},
    "Name": {"ignore":true},
    "ButtonsLayout":{
      "type": "UIFloatPageLayoutChanges"
    },
    "CloseButtonOnly":{
      "type":"boolean"
    },
    "DataContractMap":{
      "type":"UITargetLinkChanges[]"
    },
    "ExecuteOnSubmit":{
      "type":"boolean"
    },
    "FrameLocation":{
      "type": "UIFloatPageLocationChanges"
    },
    "InitContractHandler":{
      "editor":"selector",
      "editorOptions": [ "provider=contractDataMembers", "filter=initContracts" ]
    },
    "ShowButtons": {
      "type": "boolean",
      "defval": true
    },
    "UIVirtualPage": {
      "editor": "selector",
      "editorOptions": [ "provider=ndoInstances", "parameter=UIVirtualPage" ],
      "type": "NamedObjectRef"
    }
  },
  "UISubmitActionChanges@UIActionChanges": {
    "Name": {"ignore":true},
    "__typeDisplayedName__":{"defval":"Submit"},
    "ClearValues": {"type": "boolean"},
    "IsReturn": {"type": "boolean"}
  },
  "QueryStringParametersChanges@":{
    "SourceMember":{}
  },
  "ActionDefChanges@NamedDataObjectChanges": {
    "ActionRules": {
      "editor": "collection",
      "editorOptions": [ "itemType=ActionRule" ],
      "type": "NamedObjectRef[]"
    },
    "Name": { "editor": "text" },
    "ActionType": {"ignore" : true },
    "FilterTags": {"ignore" : true },
    "SourcePages": {
      "type": "UISourcePageChanges[]",
      "editor": "collection"
    },
    "UIAction": {
      "type": "UIActionChanges",
      "required": true
    }
  },
  "ActionTypeEnum@enum": {
    "ChangePackage": { "defval": 3 },
    "Container": { "defval": 1 },
    "QualityObject": { "defval": 2 }
  },
  "UIDisplayModeEnum@enum":{
    "Disable": { "defval": 1 },
    "Hide": { "defval": 2 }
  },
  "PermissionDisplayModeEnum@enum":{
    "Disable": { "defval": 1 },
    "Hide": { "defval": 2 }
  },
  "UIHorizontalShiftTypeEnum@enum":{
    "Left":{"defval":1},
    "Right":{"defval":2},
    "None":{"defval":3}
  },
  "ActionCategoryChanges@NamedDataObjectChanges": {
    "LabelText": {},
    "LabelName": {
      "accessor": "LabelName",
      "editor": "labelLookup",
      "editorOptions": [ "provider=labelDefinition", "parameter=LabelText" ]
    },
    "Sequence": {
      "editor": "text",
      "type": "int"
    }
  },
  "ActionRuleChanges@NamedDataObjectChanges": {
    "Expression": { 
      "required": true,
      "editor": "modal",
      "editorOptions": [ "provider=pageActionRuleBuilder", "parameter=refresh" ]
    }
  },
  "PageMappingParameter": {
    "Name": {
      "editor": "selector",
      "editorOptions": [ "provider=pageMappingParameters" ]
    }
  },
  "SourcePage": {
    "PageName": {
      "editor": "selector",
      "editorOptions": [ "provider=ndoInstances", "parameter=UIVirtualPage" ]
    }
  },
  "PageMappingFilterCondition": {
    "ConditionType": {
      "type": "ConditionComparisonType",
      "editor": "enum"
    },
    "Parameter": {
      "editor": "selector",
      "editorOptions": [ "provider=pageMappingActualParameters" ]
    }
  },
  "PageMappingTarget": {
    "TargetType": {
      "type": "PageMappingTargetType",
      "editor": "enum",
      "defval": "PageMappingItem",
      "accessor": "PageMappingTarget_TargetType"
    },
    "Target":{
      "editor" :"selector",
      "editorOptions": [ "provider=mappings", "parameter=asItemName" ],
      "dependencies":["TargetType"]
    }
  },
  "ActionGroupType": {
    "GroupBehaviour": {
      "type": "GroupBehaviourType",
      "displayedName": "GroupBehavior"
    }
  },

  "DefaultSettings":{
    "MainPage" : {
      "editor": "selector",
      "editorOptions": [ "provider=ndoInstances", "parameter=UIVirtualPage" ]
    }
  },
  "CDOForm":{
    "PageName" : {
      "editor": "selector",
      "editorOptions": [ "provider=ndoInstances", "parameter=UIVirtualPage" ]
    }
  },
  "LabelsLookupSettings":{
    "MaxLabelsRequestCount":{
      "defval": 200,
      "editor":"text",
      "type": "int"
    }
  },
  "TemplateSettings":{
    "ContainerTemplatePage" : {
      "editor": "selector",
      "editorOptions": [ "provider=ndoInstances", "parameter=UIVirtualPage" ]
    },
    "ContainerWithEprocedureTemplatePage" : {
      "editor": "selector",
      "editorOptions": [ "provider=ndoInstances", "parameter=UIVirtualPage" ]
    },
    "ModelingTemplatePage" : {
      "editor": "selector",
      "editorOptions": [ "provider=ndoInstances", "parameter=UIVirtualPage" ]
    },
    "UserTemplate1" : {
      "editor": "selector",
      "editorOptions": [ "provider=ndoInstances", "parameter=UIVirtualPage" ]
    },
    "UserTemplate2" : {
      "editor": "selector",
      "editorOptions": [ "provider=ndoInstances", "parameter=UIVirtualPage" ]
    },
    "UserTemplate3" : {
      "editor": "selector",
      "editorOptions": [ "provider=ndoInstances", "parameter=UIVirtualPage" ]
    }
  },
  "DataSource":{
      "LoginPassword" :{
        "displayedName" : "LoginPasswordEncrypted",
        "readonly" : true
      },
      "LoginPasswordDecrypted" :{
        "displayedName" : "LoginPassword"
      }
  },
  "MaintCDO":{
    "CDOName":{
      "editor": "selector",
      "editorOptions": [ "provider=exportableMaintServices" ]
    }
  },

  "StatusMessageSettings" :{
    "ErrorSoundPath" : {
      "editor": "selector",
      "editorOptions": [ "provider=soundFiles" ]
    },
    "SuccessSoundPath" : {
      "editor": "selector",
      "editorOptions": [ "provider=soundFiles" ]
    },
    "WarningSoundPath" : {
      "editor": "selector",
      "editorOptions": [ "provider=soundFiles" ]
    }
  },
  "IntelligenceSettings":{
    "DefaultSource" : {
      "editor": "selector",
      "editorOptions": [ "provider=intelligenceDataSources" ],
      "dependencies":["DataSources"]
    }
  },
  "TileContainer@ControlDefinition": {
    "LabelPosition": { "ignore": true },	
    "LabelName": {
      "ignore": true,
      "editor": "labelLookup"
    },
    "LabelText": { "ignore": true },
    "SignalRUrl": {
      "editor": "text",
      "category": "Data"
    },
    "WrapText": {
      "type": "boolean",
      "defval": true,
      "category": "Appearance"
    },
    "SingleColumn": {
      "type": "boolean",
      "defval": true,
      "category": "Appearance"
    },    
    "TileAction": { "type": "UIAction" },
    "Columns": { 
      "type": "TileColumn[]",
      "category": "Data"
    }
   
  },
  "TileColumn": {
    "LabelText": {
      "displayedName": "Title",
      "category": "Appearance"
    },
    "LabelName": {
      "displayedName": "TitleLabel",
      "category": "Appearance",
      "editor": "labelLookup",
      "editorOptions": [ "provider=labelDefinition" ]
    },
    "CssClass": {},
    "ColumnStyle": {},
    "TileStyle": {},	
    "Name": {}	
  }
   
}
