{
  "i18n_pt_BR": {
    "awAddDirectiveMessages": {
      "recentSectionTitle": "Recente",
      "otherSectionTitle": "Outro",
      "dataSetFileUploadTitle": "Arquivo",
      "relationPropLabel": "Relação",
      "loading": "Carregando...",
      "Filter": "Filtro",
      "refine": "Refinar",
      "objectType": "Tipo",
      "newTabTitle": "Novo",
      "paletteTabTitle": "Paleta",
      "searchTabTitle": "Pesquisar",
      "searchSectionTitle": "Pesquisar",
      "assignButtonTitle": "Atribuir",
      "ownProjectSectionTitle": "Projeto próprio",
      "addProjectButtonTitle": "Adicionar projeto",
      "projectsSectionTitle": "Projetos",
      "addObjectPanelPinButtonToolTip": "Fixar painel",
      "addObjectPanelUnpinButtonToolTip": "Desafixar painel",
      "pasteSuccessful": "\"{0}\" foi adicionado.",
      "submitSuccessful": "\"{0}\" foi enviado.",
      "addButtonTitle": "Adicionar",
      "mutiRelationObject": "{0} seleções foram adicionadas.",
      "resultTabTitle": "Resultados",
      "filterTabTitle": "Filtros",
      "keywordsLabel": "Palavras-chave",
      "addButtonInSearch": "Adicionar",
      "datasetName": "Nome",
      "datasetDesc": "Descrição",
      "datasetType": "Tipo",
      "uploadFile": "Carregar arquivo",
      "reference": "Referência",
      "moreLink": "Mais...",
      "addObjectPanel_oneStepPinCommands": "Adicionar comandos de afixar de uma etapa de painel de objeto",
      "uiwidget_projectSectionCommands": "Comandos de seção de projeto",
      "aw_compare": "Comparar"
    },
    "awCompareMessages": {
      "arrange": "Organizar"
    },
    "BaseMessages": {
      "RADIO_FALSE": "Falso",
      "RADIO_TRUE": "Verdadeiro",
      "RADIO_YES": "Sim",
      "RADIO_NO": "Não",
      "REQUIRED_TEXT": "Exigido",
      "PROP_REQUIRED_ERROR": "A propriedade é necessária",
      "ARRAY_PLACEHOLDER_TEXT": "Digite para adicionar um valor",
      "MAX_ARRAY_LENGTH": "Apenas {0} entradas são permitidas.",
      "NO_LOV_VALUES": "Sem correspondências",
      "INVALID_INTEGER": "{0} não é um número inteiro. Insira um valor inteiro.",
      "INVALID_DATE": "Dados devem ser {0}.",
      "INVALID_DOUBLE": "{0} não é um double. Insira um valor double.",
      "INVALID_TIME": "Tempo deve ser {0}.",
      "INVALID_TIME_CHAR": "Tempo deve ser {0}.",
      "INTEGER_OUT_OF_RANGE": "{0} está fora do intervalo para números inteiros. Insira um valor inteiro entre '{1}' - '{2}'.",
      "INVALID_HTML": "Sua entrada foi removida porque apresenta um HTML potencialmente perigoso.",
      "REMOVE_BUTTON_TITLE": "Remover",
      "ADD_BUTTON_TITLE": "Adicionar",
      "BACK_BUTTON_TITLE": "Voltar",
      "MOVE_UP_BUTTON_TITLE": "Mover para cima",
      "MOVE_DOWN_BUTTON_TITLE": "Mover para baixo",
      "MORE_LINK_TEXT": "Mais...",
      "LESS_LINK_TEXT": "Menos...",
      "NO_RESULTS_FOUND": "Nenhum resultado encontrado.",
      "FILTER_TEXT": "Filtro",
      "FILTER_BY_CATEGORY": "Filtrar por propriedade",
      "LOADING_TEXT": "Carregando...",
      "NO_FILE_TO_RENDER_TEXT": "Nenhum arquivo para visualizar.",
      "NO_FILE_TO_DOWNLOAD_TEXT": "Nenhum arquivo para download.",
      "SET_PANEL_CAPTION": "Adicionar",
      "SERVER_ERROR": "O servidor encontrou um erro.",
      "COLLAPSE": "Recolher",
      "EXPAND": "Expandir",
      "OPEN_PANEL": "Abrir painel",
      "CLOSE_PANEL": "Fechar painel",
      "NO_COMMANDS_TEXT": "Nenhum comando disponível"
    },
    "dateTimeServiceMessages": {
      "closeText": "Concluído",
      "prevText": "Anterior",
      "nextText": "Avançar",
      "currentText": "Hoje",
      "monthName_01": "Janeiro",
      "monthName_02": "Fevereiro",
      "monthName_03": "Março",
      "monthName_04": "Abril",
      "monthName_05": "Mai",
      "monthName_06": "Junho",
      "monthName_07": "Julho",
      "monthName_08": "Agosto",
      "monthName_09": "Setembro",
      "monthName_10": "Outubro",
      "monthName_11": "Novembro",
      "monthName_12": "Dezembro",
      "monthNameShort_01": "Jan",
      "monthNameShort_02": "Fev",
      "monthNameShort_03": "Mar",
      "monthNameShort_04": "Abr",
      "monthNameShort_05": "Mai",
      "monthNameShort_06": "Jun",
      "monthNameShort_07": "Jul",
      "monthNameShort_08": "Ago",
      "monthNameShort_09": "Set",
      "monthNameShort_10": "Out",
      "monthNameShort_11": "Nov",
      "monthNameShort_12": "Dez",
      "dayName_01": "Domingo",
      "dayName_02": "Segunda-feira",
      "dayName_03": "Terça-feira",
      "dayName_04": "Quarta-feira",
      "dayName_05": "Quinta-feira",
      "dayName_06": "Sexta-feira",
      "dayName_07": "Sábado",
      "dayNameShort_01": "Sol",
      "dayNameShort_02": "Seg",
      "dayNameShort_03": "Ter",
      "dayNameShort_04": "Qua",
      "dayNameShort_05": "Qui",
      "dayNameShort_06": "Sex",
      "dayNameShort_07": "Sab",
      "dayNameMin_01": "Do",
      "dayNameMin_02": "Móv.",
      "dayNameMin_03": "Te",
      "dayNameMin_04": "We",
      "dayNameMin_05": "Th",
      "dayNameMin_06": "Fr",
      "dayNameMin_07": "Sa",
      "weekHeader": "Trab",
      "dateFormat": "mm/dd/aa",
      "yearSuffix": "",
      "anteMeridiem": "AM",
      "postMeridiem": "PM"
    },
    "dragAndDropMessages": {
      "dropCompleted": "\"{0}\" arquivos foram adicionados a \"{1}\".",
      "dropCompletedDocument": "\"{0}\" foi adicionado a \"{1}\" com {2} anexos."
    },
    "editHandlerMessages": {
      "navigationConfirmationSingle": "\"{0}\" tem edições não salvas.",
      "navigationConfirmationMultiple": "Existem alterações não salvas.",
      "discard": "Descartar",
      "save": "Salvar",
      "validationError": "Há erros de validação. Corrija estes erros e salve novamente."
    },
    "SearchCoreMessages": {
      "preferredSearches": "Pesquisas preferidas",
      "regularSearches": "Outras pesquisas"
    },
    "treeTableMessages": {
      "TwistieTooltipCollapsed": "Exibir Filhos",
      "TwistieTooltipExpanded": "Ocultar filhos",
      "freezeMenu": "Congelar",
      "unfreezeMenu": "Descongelar",
      "visibilityControlsTitle": "Exibir/ocultar",
      "arrangeMenu": "Organizar",
      "sortAscending": "Ordenar de forma crescente",
      "sortDescending": "Classificar descendente",
      "removeSort": "Sem classificação",
      "removeAllFilters": "Remover todos os filtros"
    },
    "UIElementsMessages": {
      "clientBuild": "Build do cliente",
      "logFile": "Arquivo de log de sessão de usuário",
      "aw_rightWall": "Parede Direita",
      "aw_footer": "Rodapé móvel",
      "aw_primaryWorkArea": "Área de trabalho principal",
      "aw_globalNavigationbar": "Navegação global"
    },
    "UIMessages": {
      "browserTitle": "Teamcenter",
      "changeThemeCommand": "Configurações",
      "colorFilteringCommand": "Exibir filtragem de cor",
      "colorFilteringCommandExit": "Ocultar filtragem de cor",
      "invalidLOVValue": "Valor LOV inválido",
      "invalidStringLength": "Comprimento de string inválido",
      "invalidArraySize": "Tamanho de lista inválido",
      "propertyRequired": "A propriedade é necessária",
      "homeCommandTitle": "Início",
      "MissingPageTitle": "Página ausente",
      "MissingPageText": "A página solicitada não existe.",
      "backBtn": "Localização anterior",
      "selectionCount": "{0} selecionado",
      "pinCommandTitle": "Pino",
      "unpinCommandTitle": "Desafixar",
      "invalidDate": "A data de término deve ser posterior à data de início.",
      "invalidRange": "\"{0}\" não é um intervalo válido",
      "invalidValue": "Apenas números podem ser inseridos",
      "invalidPrefilter": "O pré-filtro especificado \"{0}\" tem erros, portanto, não será totalmente aplicado à pesquisa.",
      "fromText": "De",
      "toText": "Para",
      "results": "Resultados",
      "noFilterValue": "Não atribuído",
      "resultsCountLabel": "{0} resultados encontrados para {1} \"{2}\"",
      "noSearchResults": "Nenhum resultado para {0} \"{1}\"",
      "resultsCountLabelWithSearchBox": "{0} resultados encontrados para",
      "noSearchResultsWithSearchBox": "Nenhum resultado para",
      "resultsCountLabelWithoutInContentSearch": "{0} resultados encontrados para \"{1}\"    ",
      "resultsCountLabelWithInContentSearch": "{0} resultados encontrados para \"{1}\" e \"{2}\"",
      "noSearchResultsWithoutInContentSearch": "Nenhum resultado para \"{0}\"",
      "noSearchResultsWithInContentSearch": "Nenhum resultado encontrado para \"{0}\" e \"{1}\"",
      "selected": "selecionado",
      "noProject": "nenhum projeto",
      "profile": "Perfil",
      "signOut": "Sair",
      "loadingMsg": "Carregando...",
      "lightTheme": "Luz",
      "darkTheme": "Escuro",
      "clearBreadCrumb": "Limpar",
      "updateSearchDropDownTitle": "Atualizar critérios de pesquisa e manter filtros",
      "selectionSummaryTitle": "Resumo da seleção",
      "compareTitle": "Comparar",
      "arrangeSelectAll": "Selecionar tudo",
      "arrangeUnselectAll": "Desmarcar tudo",
      "arrangeReset": "Redefinir",
      "arrangeMoveUp": "Mover para cima",
      "arrangeMoveDown": "Mover para baixo",
      "arrange": "Organizar",
      "arrangeTitle": "Organizar",
      "arrangeButtonTitle": "Organizar",
      "showFiltersTitle": "Exibir filtros",
      "hideFiltersTitle": "Ocultar filtros",
      "clearAllFilterTitle": "Limpar todos os Filtros",
      "ChooseFile": "Escolher arquivo",
      "NoFileChosen": "Nenhum arquivo escolhido",
      "searchText": "Pesquisar",
      "textFilterTitle": " Filtro de Texto",
      "dateFilterTitle": "Filtro de data",
      "numericFilterTitle": "Filtro numérico",
      "fromTitle": "De",
      "toTitle": "Para",
      "aw_uiGrid": "Grade de ui",
      "equalsOperation": "Igual a",
      "lessThanOperation": "Menor que",
      "greaterThanOperation": "Maior do que",
      "rangeOperation": "Intervalo",
      "greaterThanFilterTooltip": "Maior que",
      "greaterThanEqualsFilterTooltip": "Maior que ou igual a",
      "lessThanFilterTooltip": "Menor do que",
      "lessThanEqualsFilterTooltip": "Menor que ou igual a",
      "equalsFilterTooltip": "Igual a",
      "containsFilterTooltip": "Contém",
      "andFilterTooltip": "e"
    },
    "XRTMessages": {
      "objectNotFound": "Não foi possível encontrar o objeto que você procura, ou você não tem permissão de acesso a ele",
      "dataCount": "{0}Objetos ",
      "selectionCountLabel": "{0} selecionados de {1}",
      "relation": "Relação",
      "canNotLoadData": "Não é possível carregar mais dados quando uma edição está em andamento. Cancele ou salve as alterações para poder obter mais dados.",
      "error": "Erro: {0}",
      "ViewerTitle": "Visualizador",
      "ShowObjectLocationTitle": "Mostrar Objeto",
      "LoadingSummary": "Carregando resumo...",
      "FailureLoadingSummary": "Falha ao carregar o resumo. Tente novamente.",
      "ImpactAnalysisNotSupported": "Análise de impacto não suportada atualmente",
      "showObjectCommandTitle": "Abrir",
      "showObjectCommandDownloadTitle": "Baixar Arquivo",
      "objectInfoLabel": "Informações",
      "save": "Salvar",
      "startEdit": "Iniciar edição",
      "discard": "Descartar",
      "failureLeaveConfirmation": "Falha na confirmação em branco",
      "failureCreate": "Falha ao criar",
      "failureStartEdit": "Falha no Iniciar edição",
      "failureSaveEdit": "Edição não salva devido aos seguintes erros:",
      "showTableViewText": "Tabela",
      "showListWithSummaryViewText": "Lista com resumo",
      "showTablewithSummaryViewText": "Tabela com resumo",
      "hasValidationErrors": "Há erros de validação, corrija esses erros e salve novamente",
      "showListViewText": "Lista",
      "showImageViewText": "Imagens",
      "showCompareViewText": "Comparar",
      "noNavigableData": "O objeto não possui nenhum conteúdo navegável",
      "objectNavigationSubLocationTitle": "Navegar",
      "uidParameterMissingInURL": "O parâmetro UID está ausente na URL",
      "navigationConfirmationSingle": "\"{0}\" tem edições não salvas.",
      "navigationConfirmationMultiple": "Existem alterações não salvas.",
      "noSubLocationFoundWithPageNameToken": "Nenhuma sublocação encontrada com o NameToken de página especificado"
    },
    "momMessages": {
      "labels": "Command Labels",
      "home": "Home",
      "light": "Light",
      "dark": "Dark",
      "changeTheme": "Change Theme",
      "changeLocale": "Change Language",
      "goToTop": "Go to top",
      "uiSettings": "Settings",
      "momCmdShowListViewTitle": "List",
      "momCmdShowSummaryViewTitle": "List with Summary",
      "momCmdShowTableViewTitle": "Table",
      "momCmdShowTableSummaryViewTitle": "Table with Summary",
      "fullScreenCommand": "Full Screen Mode",
      "fullScreenCommandExit": "Exit Full Screen Mode",
      "momLoginOptionsTitle": "Options",
      "momEmptyComponentText": "There is no data to display"
    },
    "portalMessages": {
      "resourceLbl": "",
      "workCenterLbl": "",
      "operationLbl": "",
      "workstationLbl": "",
      "settingsLbl": "",
      "setLineAssignmentLbl": "",
      "filterTagsLbl": ""
    },
    "SearchMessages": {}
  }
}
