{
  "i18n_cs_CZ": {
    "awAddDirectiveMessages": {
      "recentSectionTitle": "Nedávné",
      "otherSectionTitle": "Jiný",
      "dataSetFileUploadTitle": "Soubor",
      "relationPropLabel": "Relace",
      "loading": "Načítání...",
      "Filter": "Filtr",
      "refine": "Zpřesnit",
      "objectType": "Typ",
      "newTabTitle": "Nový",
      "paletteTabTitle": "Paleta",
      "searchTabTitle": "Hledat",
      "searchSectionTitle": "Hledat",
      "assignButtonTitle": "Přiřadit",
      "ownProjectSectionTitle": "Vlastnící projekt",
      "addProjectButtonTitle": "Přidat projekt",
      "projectsSectionTitle": "Projekty",
      "addObjectPanelPinButtonToolTip": "Připnout panel",
      "addObjectPanelUnpinButtonToolTip": "Odepnout panel",
      "pasteSuccessful": "Položka \"{0}\" byla přidána.",
      "submitSuccessful": "Položka {0} byla odeslána.",
      "addButtonTitle": "Přidat",
      "mutiRelationObject": "Vybrané položky ({0}) byly přidány",
      "resultTabTitle": "Výsledky",
      "filterTabTitle": "Filtry",
      "keywordsLabel": "Klíčová slova",
      "addButtonInSearch": "Přidat",
      "datasetName": "Název",
      "datasetDesc": "Popis",
      "datasetType": "Typ",
      "uploadFile": "Odeslat soubor",
      "reference": "Reference",
      "moreLink": "Další...",
      "addObjectPanel_oneStepPinCommands": "Přidat jednokrokové příkazy připnutí panelu objektu",
      "uiwidget_projectSectionCommands": "Příkazy řezu projektu",
      "aw_compare": "Porovnat"
    },
    "awCompareMessages": {
      "arrange": "Uspořádat"
    },
    "BaseMessages": {
      "RADIO_FALSE": "False",
      "RADIO_TRUE": "True",
      "RADIO_YES": "Ano",
      "RADIO_NO": "Ne",
      "REQUIRED_TEXT": "Požadovaný",
      "PROP_REQUIRED_ERROR": "Je vyžadována vlastnost.",
      "ARRAY_PLACEHOLDER_TEXT": "Zadejte hodnotu",
      "MAX_ARRAY_LENGTH": "Je povoleno pouze {0} položek.",
      "NO_LOV_VALUES": "Žádná shoda",
      "INVALID_INTEGER": "{0} není celé číslo. Zadejte celočíselnou hodnotu.",
      "INVALID_DATE": "Data by měla být {0}",
      "INVALID_DOUBLE": "{0} není číslo typu Double. Zadejte hodnotu typu Double.",
      "INVALID_TIME": "Čas by měl být {0}",
      "INVALID_TIME_CHAR": "Čas by měl být {0}",
      "INTEGER_OUT_OF_RANGE": "{0} je mimo rozsah pro celá čísla. Zadejte celočíselnou hodnotu mezi '{1}' - '{2}'.",
      "INVALID_HTML": "Položka byla odebrána, protože obsahovala potencionálně nebezpečný kód HTML.",
      "REMOVE_BUTTON_TITLE": "Odebrat",
      "ADD_BUTTON_TITLE": "Přidat",
      "BACK_BUTTON_TITLE": "Zpět",
      "MOVE_UP_BUTTON_TITLE": "Posunout nahoru",
      "MOVE_DOWN_BUTTON_TITLE": "Posunout dolů",
      "MORE_LINK_TEXT": "Další...",
      "LESS_LINK_TEXT": "Méně...",
      "NO_RESULTS_FOUND": "Nebyly nalezeny žádné výsledky.",
      "FILTER_TEXT": "Filtr",
      "FILTER_BY_CATEGORY": "Filtrovat podle vlastnosti",
      "LOADING_TEXT": "Načítání...",
      "NO_FILE_TO_RENDER_TEXT": "Není k dispozici žádný soubor k zobrazení.",
      "NO_FILE_TO_DOWNLOAD_TEXT": "Není k dispozici žádný soubor ke stažení.",
      "SET_PANEL_CAPTION": "Přidat",
      "SERVER_ERROR": "Na serveru došlo k chybě.",
      "COLLAPSE": "Sbalit",
      "EXPAND": "Rozbalit",
      "OPEN_PANEL": "Otevřít panel",
      "CLOSE_PANEL": "Zavřít panel",
      "NO_COMMANDS_TEXT": "Žádné příkazy nejsou k dispozici"
    },
    "dateTimeServiceMessages": {
      "closeText": "Hotovo",
      "prevText": "Předchozí",
      "nextText": "Další",
      "currentText": "Dnes",
      "monthName_01": "Leden",
      "monthName_02": "Únor",
      "monthName_03": "Březen",
      "monthName_04": "Duben",
      "monthName_05": "Květen",
      "monthName_06": "Červen",
      "monthName_07": "Červenec",
      "monthName_08": "Srpen",
      "monthName_09": "Září",
      "monthName_10": "Říjen",
      "monthName_11": "Listopad",
      "monthName_12": "Prosinec",
      "monthNameShort_01": "01",
      "monthNameShort_02": "02",
      "monthNameShort_03": "03",
      "monthNameShort_04": "04",
      "monthNameShort_05": "05",
      "monthNameShort_06": "06",
      "monthNameShort_07": "07",
      "monthNameShort_08": "08",
      "monthNameShort_09": "09",
      "monthNameShort_10": "10",
      "monthNameShort_11": "11",
      "monthNameShort_12": "12",
      "dayName_01": "Neděle",
      "dayName_02": "Pondělí",
      "dayName_03": "Úterý",
      "dayName_04": "Středa",
      "dayName_05": "Čtvrtek",
      "dayName_06": "Pátek",
      "dayName_07": "Sobota",
      "dayNameShort_01": "Ne",
      "dayNameShort_02": "Po",
      "dayNameShort_03": "Út",
      "dayNameShort_04": "St",
      "dayNameShort_05": "Čt",
      "dayNameShort_06": "Pá",
      "dayNameShort_07": "So",
      "dayNameMin_01": "Ne",
      "dayNameMin_02": "Po",
      "dayNameMin_03": "Út",
      "dayNameMin_04": "St",
      "dayNameMin_05": "Čt",
      "dayNameMin_06": "Pá",
      "dayNameMin_07": "So",
      "weekHeader": "Týd",
      "dateFormat": "mm/dd/rr",
      "yearSuffix": "",
      "anteMeridiem": "dop.",
      "postMeridiem": "odp."
    },
    "dragAndDropMessages": {
      "dropCompleted": "\"{0}\" souborů bylo přidáno do \"{1}\".",
      "dropCompletedDocument": "Položka \"{0}\" byla přidána do \"{1}\" s {2} přílohami."
    },
    "editHandlerMessages": {
      "navigationConfirmationSingle": "\"{0}\" má neuložené úpravy.",
      "navigationConfirmationMultiple": "Existují neuložené úpravy.",
      "discard": "Zrušit",
      "save": "Uložit",
      "validationError": "Při ověřování platnosti došlo k chybám, opravte je a znovu uložte."
    },
    "SearchCoreMessages": {
      "preferredSearches": "Preferovaná hledání",
      "regularSearches": "Jiná hledání"
    },
    "treeTableMessages": {
      "TwistieTooltipCollapsed": "Zobrazit potomky",
      "TwistieTooltipExpanded": "Skrýt podřazené položky",
      "freezeMenu": "Zmrazit",
      "unfreezeMenu": "Rozmrazit",
      "visibilityControlsTitle": "Zobrazit/skrýt",
      "arrangeMenu": "Uspořádat",
      "sortAscending": "Seřadit vzestupně",
      "sortDescending": "Seřadit sestupně",
      "removeSort": "Bez třídění",
      "removeAllFilters": "Odebrat všechny filtry"
    },
    "UIElementsMessages": {
      "clientBuild": "Sestavení klienta",
      "logFile": "Soubor protokolu relace uživatele",
      "aw_rightWall": "Pravá stěna",
      "aw_footer": "Mobilní zápatí",
      "aw_primaryWorkArea": "Primární pracovní oblast",
      "aw_globalNavigationbar": "Globální navigace"
    },
    "UIMessages": {
      "browserTitle": "Teamcenter",
      "changeThemeCommand": "Nastavení",
      "colorFilteringCommand": "Zobrazit filtrování barev",
      "colorFilteringCommandExit": "Skrýt filtrování barev",
      "invalidLOVValue": "Neplatná hodnota v seznamu hodnot",
      "invalidStringLength": "Neplatná délka řetězce",
      "invalidArraySize": "Neplatná velikost pole",
      "propertyRequired": "Je vyžadována vlastnost.",
      "homeCommandTitle": "Domů",
      "MissingPageTitle": "Chybějící stránka",
      "MissingPageText": "Vyžadovaná stránka neexistuje.",
      "backBtn": "Předchozí umístění",
      "selectionCount": "{0} vybráno",
      "pinCommandTitle": "Připnout",
      "unpinCommandTitle": "Odepnout",
      "invalidDate": "Koncové datum musí být pozdější než počáteční datum.",
      "invalidRange": "Položka \"{0}\" není platný rozsah",
      "invalidValue": "Je možné zadat pouze čísla",
      "invalidPrefilter": "Zadaný předběžný filtr \"{0}\" obsahuje chyby, a není proto plně použit ve vyhledávání.",
      "fromText": "Od",
      "toText": "Do",
      "results": "Výsledky",
      "noFilterValue": "Nepřiřazeno",
      "resultsCountLabel": "{0} výsledků nalezeno pro {1} \"{2}\"",
      "noSearchResults": "Nebyly nalezeny žádné výsledky pro {0} \"{1}\"",
      "resultsCountLabelWithSearchBox": "{0} výsledků nalezeno pro",
      "noSearchResultsWithSearchBox": "Nebyly nalezeny žádné výsledky pro položku",
      "resultsCountLabelWithoutInContentSearch": "{0} výsledků nalezeno pro \"{1}\"",
      "resultsCountLabelWithInContentSearch": "{0} výsledků nalezeno pro \"{1}\" a \"{2}\"",
      "noSearchResultsWithoutInContentSearch": "Nebyly nalezeny žádné výsledky pro položku \"{0}\"",
      "noSearchResultsWithInContentSearch": "Nebyly nalezeny žádné výsledky pro položku \"{0}\" a \"{1}\"",
      "selected": "vybrané",
      "noProject": "žádný projekt",
      "profile": "Profil",
      "signOut": "Odhlásit",
      "loadingMsg": "Načítání...",
      "lightTheme": "Světlé",
      "darkTheme": "Tmavé",
      "clearBreadCrumb": "Smazat",
      "updateSearchDropDownTitle": "Aktualizovat kritéria vyhledávání a ponechat filtry",
      "selectionSummaryTitle": "Shrnutí výběru",
      "compareTitle": "Porovnat",
      "arrangeSelectAll": "Vybrat vše",
      "arrangeUnselectAll": "Zrušit výběr všech",
      "arrangeReset": "Obnovit",
      "arrangeMoveUp": "Posunout nahoru",
      "arrangeMoveDown": "Posunout dolů",
      "arrange": "Uspořádat",
      "arrangeTitle": "Uspořádat",
      "arrangeButtonTitle": "Uspořádat",
      "showFiltersTitle": "Zobrazit filtry",
      "hideFiltersTitle": "Skrýt filtry",
      "clearAllFilterTitle": "Smazat všechny filtry",
      "ChooseFile": "Vybrat soubor",
      "NoFileChosen": "Není vybrán žádný soubor",
      "searchText": "Hledat",
      "textFilterTitle": "Filtr textu",
      "dateFilterTitle": "Filtr data",
      "numericFilterTitle": "Číselný filtr",
      "fromTitle": "Od",
      "toTitle": "Do",
      "aw_uiGrid": "Mřížka ui",
      "equalsOperation": "Rovná se",
      "lessThanOperation": "Menší než",
      "greaterThanOperation": "Větší než",
      "rangeOperation": "Rozsah",
      "greaterThanFilterTooltip": "Větší než",
      "greaterThanEqualsFilterTooltip": "Větší nebo rovno",
      "lessThanFilterTooltip": "Menší než",
      "lessThanEqualsFilterTooltip": "Menší nebo rovno",
      "equalsFilterTooltip": "Rovná se",
      "containsFilterTooltip": "Obsahuje",
      "andFilterTooltip": "a"
    },
    "XRTMessages": {
      "objectNotFound": "Objekt, který hledáte, nebyl nalezen nebo k němu nemáte přístup.",
      "dataCount": "{0} objektů",
      "selectionCountLabel": "Vybráno {0} z {1}",
      "relation": "Relace",
      "canNotLoadData": "Během úprav nelze načíst další data. Chcete-li získat další data, zrušte nebo uložte změny.",
      "error": "Chyba: {0}",
      "ViewerTitle": "Prohlížeč",
      "ShowObjectLocationTitle": "Zobrazit objekt",
      "LoadingSummary": "Načítá se souhrn...",
      "FailureLoadingSummary": "Při načítání souhrnu došlo k chybě. Zkuste to znovu.",
      "ImpactAnalysisNotSupported": "Analýza dopadu není aktuálně podporována.",
      "showObjectCommandTitle": "Otevřít",
      "showObjectCommandDownloadTitle": "Stáhnout soubor",
      "objectInfoLabel": "Informace",
      "save": "Uložit",
      "startEdit": "Začít úpravu",
      "discard": "Zrušit",
      "failureLeaveConfirmation": "Chyba při potvrzení ukončení",
      "failureCreate": "Tvorba se nezdařila.",
      "failureStartEdit": "Chyba při zahájení úpravy",
      "failureSaveEdit": "Úpravy nebyly uloženy kvůli následujícím chybám:",
      "showTableViewText": "Tabulka",
      "showListWithSummaryViewText": "Seznam se souhrnem",
      "showTablewithSummaryViewText": "Tabulka se souhrnem",
      "hasValidationErrors": "Při ověření platnosti došlo k chybám, opravte je a znovu data uložte.",
      "showListViewText": "Seznam",
      "showImageViewText": "Obrázky",
      "showCompareViewText": "Porovnat",
      "noNavigableData": "Objekt nemá žádný obsah pro navigaci.",
      "objectNavigationSubLocationTitle": "Procházet",
      "uidParameterMissingInURL": "V URL chybí parametr UID.",
      "navigationConfirmationSingle": "\"{0}\" má neuložené úpravy.",
      "navigationConfirmationMultiple": "Existují neuložené úpravy.",
      "noSubLocationFoundWithPageNameToken": "Nenalezeno žádné dílčí umístění se zadaným NameToken stránky"
    },
    "momMessages": {
      "labels": "Command Labels",
      "home": "Home",
      "light": "Light",
      "dark": "Dark",
      "changeTheme": "Change Theme",
      "changeLocale": "Change Language",
      "goToTop": "Go to top",
      "uiSettings": "Settings",
      "momCmdShowListViewTitle": "List",
      "momCmdShowSummaryViewTitle": "List with Summary",
      "momCmdShowTableViewTitle": "Table",
      "momCmdShowTableSummaryViewTitle": "Table with Summary",
      "fullScreenCommand": "Full Screen Mode",
      "fullScreenCommandExit": "Exit Full Screen Mode",
      "momLoginOptionsTitle": "Options",
      "momEmptyComponentText": "There is no data to display"
    },
    "portalMessages": {
      "resourceLbl": "",
      "workCenterLbl": "",
      "operationLbl": "",
      "workstationLbl": "",
      "settingsLbl": "",
      "setLineAssignmentLbl": "",
      "filterTagsLbl": ""
    },
    "SearchMessages": {}
  }
}
