{
  "i18n_zh_TW": {
    "awAddDirectiveMessages": {
      "recentSectionTitle": "最近",
      "otherSectionTitle": "其他",
      "dataSetFileUploadTitle": "檔案",
      "relationPropLabel": "關係",
      "loading": "正在載入...",
      "Filter": "篩選器",
      "refine": "細化",
      "objectType": "類型",
      "newTabTitle": "新建",
      "paletteTabTitle": "資源板",
      "searchTabTitle": "搜尋",
      "searchSectionTitle": "搜尋",
      "assignButtonTitle": "指派",
      "ownProjectSectionTitle": "所有權專案",
      "addProjectButtonTitle": "新增專案",
      "projectsSectionTitle": "專案",
      "addObjectPanelPinButtonToolTip": "固定面板",
      "addObjectPanelUnpinButtonToolTip": "取消固定面板",
      "pasteSuccessful": "「{0}」已新增。",
      "submitSuccessful": "「{0}」已提交。",
      "addButtonTitle": "新增",
      "mutiRelationObject": "{0} 個選定物件已新增。",
      "resultTabTitle": "結果",
      "filterTabTitle": "篩選器",
      "keywordsLabel": "關鍵字",
      "addButtonInSearch": "新增",
      "datasetName": "名稱",
      "datasetDesc": "敘述",
      "datasetType": "類型",
      "uploadFile": "上傳檔案",
      "reference": "參考",
      "moreLink": "更多...",
      "addObjectPanel_oneStepPinCommands": "新增物件面板一步固定指令",
      "uiwidget_projectSectionCommands": "專案區段指令",
      "aw_compare": "比較"
    },
    "awCompareMessages": {
      "arrange": "排列"
    },
    "BaseMessages": {
      "RADIO_FALSE": "否",
      "RADIO_TRUE": "是",
      "RADIO_YES": "是",
      "RADIO_NO": "否",
      "REQUIRED_TEXT": "必需",
      "PROP_REQUIRED_ERROR": "屬性是必需的",
      "ARRAY_PLACEHOLDER_TEXT": "鍵入要新增的值",
      "MAX_ARRAY_LENGTH": "僅允許 {0} 個條目。",
      "NO_LOV_VALUES": "無符合值",
      "INVALID_INTEGER": "{0} 不是整數。請輸入一個整數值。",
      "INVALID_DATE": "日期應為 {0}。",
      "INVALID_DOUBLE": "{0} 不是雙精度型。請輸入一個雙精度值。",
      "INVALID_TIME": "時間應為 {0}。",
      "INVALID_TIME_CHAR": "時間應為 {0}。",
      "INTEGER_OUT_OF_RANGE": "{0} 超出整數範圍。請輸入以下範圍之間的整數值：{1} - {2}。",
      "INVALID_HTML": "條目已移除，因為它的 HTML 地址可能存在風險。",
      "REMOVE_BUTTON_TITLE": "移除",
      "ADD_BUTTON_TITLE": "新增",
      "BACK_BUTTON_TITLE": "後退",
      "MOVE_UP_BUTTON_TITLE": "上移 (M)",
      "MOVE_DOWN_BUTTON_TITLE": "下移 (W)",
      "MORE_LINK_TEXT": "更多...",
      "LESS_LINK_TEXT": "更少...",
      "NO_RESULTS_FOUND": "找不到結果。",
      "FILTER_TEXT": "篩選器",
      "FILTER_BY_CATEGORY": "按屬性篩選",
      "LOADING_TEXT": "正在載入...",
      "NO_FILE_TO_RENDER_TEXT": "沒有要檢視的檔案。",
      "NO_FILE_TO_DOWNLOAD_TEXT": "沒有要下載的檔案。",
      "SET_PANEL_CAPTION": "新增",
      "SERVER_ERROR": "伺服器出現錯誤。",
      "COLLAPSE": "收合",
      "EXPAND": "展開",
      "OPEN_PANEL": "開啟面板",
      "CLOSE_PANEL": "關閉面板",
      "NO_COMMANDS_TEXT": "沒有指令可用"
    },
    "dateTimeServiceMessages": {
      "closeText": "完成",
      "prevText": "上一步",
      "nextText": "下一步",
      "currentText": "今天",
      "monthName_01": "一月",
      "monthName_02": "二月",
      "monthName_03": "三月",
      "monthName_04": "四月",
      "monthName_05": "五月",
      "monthName_06": "六月",
      "monthName_07": "七月",
      "monthName_08": "八月",
      "monthName_09": "九月",
      "monthName_10": "十月",
      "monthName_11": "十一月",
      "monthName_12": "十二月",
      "monthNameShort_01": "1 月",
      "monthNameShort_02": "2 月",
      "monthNameShort_03": "3 月",
      "monthNameShort_04": "4 月",
      "monthNameShort_05": "5 月",
      "monthNameShort_06": "6 月",
      "monthNameShort_07": "7 月",
      "monthNameShort_08": "8 月",
      "monthNameShort_09": "9 月",
      "monthNameShort_10": "10 月",
      "monthNameShort_11": "11 月",
      "monthNameShort_12": "12 月",
      "dayName_01": "星期日",
      "dayName_02": "星期一",
      "dayName_03": "星期二",
      "dayName_04": "星期三",
      "dayName_05": "星期四",
      "dayName_06": "星期五",
      "dayName_07": "星期六",
      "dayNameShort_01": "日",
      "dayNameShort_02": "一",
      "dayNameShort_03": "二",
      "dayNameShort_04": "三",
      "dayNameShort_05": "四",
      "dayNameShort_06": "五",
      "dayNameShort_07": "六",
      "dayNameMin_01": "日",
      "dayNameMin_02": "一",
      "dayNameMin_03": "二",
      "dayNameMin_04": "三",
      "dayNameMin_05": "四",
      "dayNameMin_06": "五",
      "dayNameMin_07": "六",
      "weekHeader": "周",
      "dateFormat": "月/日/年",
      "yearSuffix": "",
      "anteMeridiem": "上午",
      "postMeridiem": "下午"
    },
    "dragAndDropMessages": {
      "dropCompleted": "{0}個檔案已新增到「{1}」。",
      "dropCompletedDocument": "「{0}」已新增至「{1}」，其中含有 {2} 個附件。"
    },
    "editHandlerMessages": {
      "navigationConfirmationSingle": "「{0}」有未儲存的編輯。",
      "navigationConfirmationMultiple": "有未儲存的編輯。",
      "discard": "放棄",
      "save": "儲存",
      "validationError": "存在驗證錯誤。請修復這些錯誤並重新儲存。"
    },
    "SearchCoreMessages": {
      "preferredSearches": "首選搜尋",
      "regularSearches": "其他搜尋"
    },
    "treeTableMessages": {
      "TwistieTooltipCollapsed": "顯示子項",
      "TwistieTooltipExpanded": "隱藏子項",
      "freezeMenu": "凍結",
      "unfreezeMenu": "解凍",
      "visibilityControlsTitle": "顯示/隱藏",
      "arrangeMenu": "排列",
      "sortAscending": "昇冪",
      "sortDescending": "降冪",
      "removeSort": "無排序",
      "removeAllFilters": "移除所有篩選器"
    },
    "UIElementsMessages": {
      "clientBuild": "用戶端內部版本",
      "logFile": "使用者階段作業日誌檔案",
      "aw_rightWall": "右背景牆",
      "aw_footer": "行動頁尾",
      "aw_primaryWorkArea": "主工作區域",
      "aw_globalNavigationbar": "全域導覽"
    },
    "UIMessages": {
      "browserTitle": "Teamcenter",
      "changeThemeCommand": "設定",
      "colorFilteringCommand": "顯示顏色篩選",
      "colorFilteringCommandExit": "隱藏顏色篩選",
      "invalidLOVValue": "LOV 值無效",
      "invalidStringLength": "字串長度無效",
      "invalidArraySize": "陣列大小無效",
      "propertyRequired": "屬性是必需的",
      "homeCommandTitle": "首頁",
      "MissingPageTitle": "缺少頁面",
      "MissingPageText": "要求的頁面不存在。",
      "backBtn": "先前位置",
      "selectionCount": "{0} 項已選定",
      "pinCommandTitle": "固定",
      "unpinCommandTitle": "取消固定",
      "invalidDate": "終止日期應晚於起始日期。",
      "invalidRange": "\"{0}\" 不是有效範圍",
      "invalidValue": "只能輸入數字",
      "invalidPrefilter": "指定的預篩選器「{0}」含有錯誤，因此未全部套用於搜尋。",
      "fromText": "自",
      "toText": "至",
      "results": "結果",
      "noFilterValue": "未指派",
      "resultsCountLabel": "找到 {0} 個結果，對於：{1}「{2}」",
      "noSearchResults": "找不到 {0} \"{1}\" 的結果",
      "resultsCountLabelWithSearchBox": "{0}個結果已找到，對於：",
      "noSearchResultsWithSearchBox": "找不到以下物件的結果：",
      "resultsCountLabelWithoutInContentSearch": "找到 {0} 個結果，對於 \"{1}\"",
      "resultsCountLabelWithInContentSearch": "{0} 個結果已找到，對於：「{1}」和「{2}」",
      "noSearchResultsWithoutInContentSearch": "找不到 \"{0}\" 的結果",
      "noSearchResultsWithInContentSearch": "沒有找到「{0}」和「{1}」的結果",
      "selected": "項已選定",
      "noProject": "無專案",
      "profile": "個人資料",
      "signOut": "登出",
      "loadingMsg": "正在載入...",
      "lightTheme": "淺色",
      "darkTheme": "深色",
      "clearBreadCrumb": "清除",
      "updateSearchDropDownTitle": "更新搜尋準則並保持篩選器",
      "selectionSummaryTitle": "選取匯總",
      "compareTitle": "比較",
      "arrangeSelectAll": "全選",
      "arrangeUnselectAll": "取消全選",
      "arrangeReset": "重設",
      "arrangeMoveUp": "上移",
      "arrangeMoveDown": "下移",
      "arrange": "排列",
      "arrangeTitle": "排列",
      "arrangeButtonTitle": "排列",
      "showFiltersTitle": "顯示篩選器",
      "hideFiltersTitle": "隱藏篩選器",
      "clearAllFilterTitle": "清除所有篩選器",
      "ChooseFile": "選取檔案",
      "NoFileChosen": "未選取檔案",
      "searchText": "搜尋",
      "textFilterTitle": "文字篩選器",
      "dateFilterTitle": "日期篩選器",
      "numericFilterTitle": "數字篩選器",
      "fromTitle": "自",
      "toTitle": "至",
      "aw_uiGrid": "UI 柵格",
      "equalsOperation": "等於",
      "lessThanOperation": "小於",
      "greaterThanOperation": "大於",
      "rangeOperation": "範圍",
      "greaterThanFilterTooltip": "大於",
      "greaterThanEqualsFilterTooltip": "大於等於",
      "lessThanFilterTooltip": "小於",
      "lessThanEqualsFilterTooltip": "小於等於",
      "equalsFilterTooltip": "等於",
      "containsFilterTooltip": "包含",
      "andFilterTooltip": "與"
    },
    "XRTMessages": {
      "objectNotFound": "找不到要搜尋的物件，或您不具備此物件的存取權限。",
      "dataCount": "{0} 個物件",
      "selectionCountLabel": "選取了 {0} 個，共 {1} 個",
      "relation": "關係",
      "canNotLoadData": "編輯過程中無法載入更多資料。請取消/儲存變更以獲取更多資料。",
      "error": "錯誤：{0}",
      "ViewerTitle": "檢視器",
      "ShowObjectLocationTitle": "顯示物件",
      "LoadingSummary": "正在載入匯總...",
      "FailureLoadingSummary": "載入匯總失敗。請重試。",
      "ImpactAnalysisNotSupported": "目前不支援影響分析",
      "showObjectCommandTitle": "開啟",
      "showObjectCommandDownloadTitle": "下載檔案",
      "objectInfoLabel": "資訊",
      "save": "儲存",
      "startEdit": "開始編輯",
      "discard": "放棄",
      "failureLeaveConfirmation": "離開確認失敗",
      "failureCreate": "建立失敗",
      "failureStartEdit": "開始編輯失敗",
      "failureSaveEdit": "由於以下錯誤，編輯未儲存：",
      "showTableViewText": "表格",
      "showListWithSummaryViewText": "匯總清單",
      "showTablewithSummaryViewText": "匯總表格",
      "hasValidationErrors": "存在驗證錯誤，請修復這些錯誤並重新儲存",
      "showListViewText": "清單",
      "showImageViewText": "影像",
      "showCompareViewText": "比較",
      "noNavigableData": "物件不包含可導覽的內容",
      "objectNavigationSubLocationTitle": "導覽",
      "uidParameterMissingInURL": "URL 中缺少 UID 參數",
      "navigationConfirmationSingle": "「{0}」有未儲存的編輯。",
      "navigationConfirmationMultiple": "有未儲存的編輯。",
      "noSubLocationFoundWithPageNameToken": "找不到有指定頁名稱標記的子位置"
    },
    "momMessages": {
      "labels": "Command Labels",
      "home": "Home",
      "light": "Light",
      "dark": "Dark",
      "changeTheme": "Change Theme",
      "changeLocale": "Change Language",
      "goToTop": "Go to top",
      "uiSettings": "Settings",
      "momCmdShowListViewTitle": "List",
      "momCmdShowSummaryViewTitle": "List with Summary",
      "momCmdShowTableViewTitle": "Table",
      "momCmdShowTableSummaryViewTitle": "Table with Summary",
      "fullScreenCommand": "Full Screen Mode",
      "fullScreenCommandExit": "Exit Full Screen Mode",
      "momLoginOptionsTitle": "Options",
      "momEmptyComponentText": "There is no data to display"
    },
    "portalMessages": {
      "resourceLbl": "",
      "workCenterLbl": "",
      "operationLbl": "",
      "workstationLbl": "",
      "settingsLbl": "",
      "setLineAssignmentLbl": "",
      "filterTagsLbl": ""
    },
    "SearchMessages": {}
  }
}
