{
  "i18n_zh_CN": {
    "awAddDirectiveMessages": {
      "recentSectionTitle": "最近",
      "otherSectionTitle": "其他",
      "dataSetFileUploadTitle": "文件",
      "relationPropLabel": "关系",
      "loading": "正在加载...",
      "Filter": "过滤器",
      "refine": "细化",
      "objectType": "类型",
      "newTabTitle": "新建",
      "paletteTabTitle": "资源板",
      "searchTabTitle": "搜索",
      "searchSectionTitle": "搜索",
      "assignButtonTitle": "指派",
      "ownProjectSectionTitle": "所有权项目",
      "addProjectButtonTitle": "添加项目",
      "projectsSectionTitle": "项目",
      "addObjectPanelPinButtonToolTip": "固定面板",
      "addObjectPanelUnpinButtonToolTip": "取消固定面板",
      "pasteSuccessful": "“{0}”已添加。",
      "submitSuccessful": "“{0}”已提交。",
      "addButtonTitle": "添加",
      "mutiRelationObject": "{0} 个选定对象已添加。",
      "resultTabTitle": "结果",
      "filterTabTitle": "过滤器",
      "keywordsLabel": "关键字",
      "addButtonInSearch": "添加",
      "datasetName": "名称",
      "datasetDesc": "描述",
      "datasetType": "类型",
      "uploadFile": "上传文件",
      "reference": "引用",
      "moreLink": "更多...",
      "addObjectPanel_oneStepPinCommands": "添加对象面板一步固定命令",
      "uiwidget_projectSectionCommands": "项目区段命令",
      "aw_compare": "比较"
    },
    "awCompareMessages": {
      "arrange": "排列"
    },
    "BaseMessages": {
      "RADIO_FALSE": "否",
      "RADIO_TRUE": "是",
      "RADIO_YES": "是",
      "RADIO_NO": "否",
      "REQUIRED_TEXT": "必需",
      "PROP_REQUIRED_ERROR": "属性是必需的",
      "ARRAY_PLACEHOLDER_TEXT": "键入要添加的值",
      "MAX_ARRAY_LENGTH": "仅允许 {0} 个条目。",
      "NO_LOV_VALUES": "无匹配值",
      "INVALID_INTEGER": "{0}不是整型。请输入一个整型值。",
      "INVALID_DATE": "日期应为 {0}。",
      "INVALID_DOUBLE": "{0}不是双精度型。请输入一个双精度值。",
      "INVALID_TIME": "时间应为 {0}。",
      "INVALID_TIME_CHAR": "时间应为 {0}。",
      "INTEGER_OUT_OF_RANGE": "{0}超出整型范围。请输入以下范围之间的整型值：{1} - {2}。",
      "INVALID_HTML": "条目已移除，因为它的 HTML 地址可能存在风险。",
      "REMOVE_BUTTON_TITLE": "移除",
      "ADD_BUTTON_TITLE": "添加",
      "BACK_BUTTON_TITLE": "后退",
      "MOVE_UP_BUTTON_TITLE": "上移(M)",
      "MOVE_DOWN_BUTTON_TITLE": "下移(W)",
      "MORE_LINK_TEXT": "更多...",
      "LESS_LINK_TEXT": "更少...",
      "NO_RESULTS_FOUND": "找不到结果。",
      "FILTER_TEXT": "过滤器",
      "FILTER_BY_CATEGORY": "按属性过滤",
      "LOADING_TEXT": "正在加载...",
      "NO_FILE_TO_RENDER_TEXT": "没有要查看的文件。",
      "NO_FILE_TO_DOWNLOAD_TEXT": "没有要下载的文件。",
      "SET_PANEL_CAPTION": "添加",
      "SERVER_ERROR": "服务器出现错误。",
      "COLLAPSE": "折叠",
      "EXPAND": "展开",
      "OPEN_PANEL": "打开面板",
      "CLOSE_PANEL": "关闭面板",
      "NO_COMMANDS_TEXT": "没有命令可用"
    },
    "dateTimeServiceMessages": {
      "closeText": "完成",
      "prevText": "上一步",
      "nextText": "下一步",
      "currentText": "今天",
      "monthName_01": "一月",
      "monthName_02": "二月",
      "monthName_03": "三月",
      "monthName_04": "四月",
      "monthName_05": "五月",
      "monthName_06": "六月",
      "monthName_07": "七月",
      "monthName_08": "八月",
      "monthName_09": "九月",
      "monthName_10": "十月",
      "monthName_11": "十一月",
      "monthName_12": "十二月",
      "monthNameShort_01": "1",
      "monthNameShort_02": "2",
      "monthNameShort_03": "3",
      "monthNameShort_04": "4",
      "monthNameShort_05": "5",
      "monthNameShort_06": "6",
      "monthNameShort_07": "7",
      "monthNameShort_08": "8",
      "monthNameShort_09": "9",
      "monthNameShort_10": "10",
      "monthNameShort_11": "11",
      "monthNameShort_12": "12",
      "dayName_01": "星期日",
      "dayName_02": "星期一",
      "dayName_03": "星期二",
      "dayName_04": "星期三",
      "dayName_05": "星期四",
      "dayName_06": "星期五",
      "dayName_07": "星期六",
      "dayNameShort_01": "日",
      "dayNameShort_02": "一",
      "dayNameShort_03": "二",
      "dayNameShort_04": "三",
      "dayNameShort_05": "四",
      "dayNameShort_06": "五",
      "dayNameShort_07": "六",
      "dayNameMin_01": "日",
      "dayNameMin_02": "一",
      "dayNameMin_03": "二",
      "dayNameMin_04": "三",
      "dayNameMin_05": "四",
      "dayNameMin_06": "五",
      "dayNameMin_07": "六",
      "weekHeader": "周",
      "dateFormat": "月/日/年",
      "yearSuffix": "",
      "anteMeridiem": "上午",
      "postMeridiem": "下午"
    },
    "dragAndDropMessages": {
      "dropCompleted": "{0} 个文件已添加到“{1}”。",
      "dropCompletedDocument": "“{0}”已添加至“{1}”，其中含有 {2} 个附件。"
    },
    "editHandlerMessages": {
      "navigationConfirmationSingle": "“{0}”有未保存的编辑。",
      "navigationConfirmationMultiple": "有未保存的编辑。",
      "discard": "放弃",
      "save": "保存",
      "validationError": "存在验证错误。请修复这些错误并重新保存。"
    },
    "SearchCoreMessages": {
      "preferredSearches": "首选搜索",
      "regularSearches": "其他搜索"
    },
    "treeTableMessages": {
      "TwistieTooltipCollapsed": "显示子项",
      "TwistieTooltipExpanded": "隐藏子项",
      "freezeMenu": "冻结",
      "unfreezeMenu": "解冻",
      "visibilityControlsTitle": "显示/隐藏",
      "arrangeMenu": "排列",
      "sortAscending": "升序",
      "sortDescending": "降序",
      "removeSort": "无排序",
      "removeAllFilters": "移除所有过滤器"
    },
    "UIElementsMessages": {
      "clientBuild": "客户端内部版本",
      "logFile": "用户会话日志文件",
      "aw_rightWall": "右背景墙",
      "aw_footer": "移动页脚",
      "aw_primaryWorkArea": "主工作区域",
      "aw_globalNavigationbar": "全局导览"
    },
    "UIMessages": {
      "browserTitle": "Teamcenter",
      "changeThemeCommand": "设置",
      "colorFilteringCommand": "显示颜色过滤",
      "colorFilteringCommandExit": "隐藏颜色过滤",
      "invalidLOVValue": "LOV 值无效",
      "invalidStringLength": "字符串长度无效",
      "invalidArraySize": "数组大小无效",
      "propertyRequired": "属性是必需的",
      "homeCommandTitle": "主页",
      "MissingPageTitle": "缺少页面",
      "MissingPageText": "请求的页面不存在。",
      "backBtn": "先前位置",
      "selectionCount": "{0} 项已选定",
      "pinCommandTitle": "固定",
      "unpinCommandTitle": "取消固定",
      "invalidDate": "终止日期应晚于起始日期。",
      "invalidRange": "\"{0}\" 不是有效范围",
      "invalidValue": "只能输入数字",
      "invalidPrefilter": "指定的预过滤器“{0}”含有错误，因此未全部应用于搜索。",
      "fromText": "自",
      "toText": "至",
      "results": "结果",
      "noFilterValue": "未指派",
      "resultsCountLabel": "{0} 个结果已找到，对于：{1}“{2}”",
      "noSearchResults": "找不到 {0} \"{1}\" 的结果",
      "resultsCountLabelWithSearchBox": "{0} 个结果已找到，对于：",
      "noSearchResultsWithSearchBox": "找不到以下对象的结果：",
      "resultsCountLabelWithoutInContentSearch": "找到 {0} 个结果，对于“{1}”",
      "resultsCountLabelWithInContentSearch": "{0} 个结果已找到，对于：“{1}”和“{2}”",
      "noSearchResultsWithoutInContentSearch": "找不到 \"{0}\" 的结果",
      "noSearchResultsWithInContentSearch": "没有找到“{0}”和“{1}”的结果",
      "selected": "项已选定",
      "noProject": "无项目",
      "profile": "个人资料",
      "signOut": "退出",
      "loadingMsg": "正在加载...",
      "lightTheme": "浅色",
      "darkTheme": "深色",
      "clearBreadCrumb": "清除",
      "updateSearchDropDownTitle": "更新搜索准则并保持过滤器",
      "selectionSummaryTitle": "选择汇总",
      "compareTitle": "比较",
      "arrangeSelectAll": "全选",
      "arrangeUnselectAll": "取消全选",
      "arrangeReset": "重置",
      "arrangeMoveUp": "上移",
      "arrangeMoveDown": "下移",
      "arrange": "排列",
      "arrangeTitle": "排列",
      "arrangeButtonTitle": "排列",
      "showFiltersTitle": "显示过滤器",
      "hideFiltersTitle": "隐藏过滤器",
      "clearAllFilterTitle": "清除所有过滤器",
      "ChooseFile": "选择文件",
      "NoFileChosen": "未选择文件",
      "searchText": "搜索",
      "textFilterTitle": "文本过滤器",
      "dateFilterTitle": "日期过滤器",
      "numericFilterTitle": "数字过滤器",
      "fromTitle": "自",
      "toTitle": "至",
      "aw_uiGrid": "UI 栅格",
      "equalsOperation": "等于",
      "lessThanOperation": "小于",
      "greaterThanOperation": "大于",
      "rangeOperation": "范围",
      "greaterThanFilterTooltip": "大于",
      "greaterThanEqualsFilterTooltip": "大于等于",
      "lessThanFilterTooltip": "小于",
      "lessThanEqualsFilterTooltip": "小于等于",
      "equalsFilterTooltip": "等于",
      "containsFilterTooltip": "包含",
      "andFilterTooltip": "与"
    },
    "XRTMessages": {
      "objectNotFound": "找不到要查找的对象，或您不具备此对象的访问权限。",
      "dataCount": "{0} 个对象",
      "selectionCountLabel": "选择了 {0} 个，共 {1} 个",
      "relation": "关系",
      "canNotLoadData": "编辑过程中无法加载更多数据。请取消/保存更改以获取更多数据。",
      "error": "错误：{0}",
      "ViewerTitle": "查看器",
      "ShowObjectLocationTitle": "显示对象",
      "LoadingSummary": "正在加载汇总...",
      "FailureLoadingSummary": "加载汇总失败。请重试。",
      "ImpactAnalysisNotSupported": "当前不支持影响分析",
      "showObjectCommandTitle": "打开",
      "showObjectCommandDownloadTitle": "下载文件",
      "objectInfoLabel": "信息",
      "save": "保存",
      "startEdit": "开始编辑",
      "discard": "放弃",
      "failureLeaveConfirmation": "离开确认失败",
      "failureCreate": "创建失败",
      "failureStartEdit": "开始编辑失败",
      "failureSaveEdit": "由于以下错误，编辑未保存：",
      "showTableViewText": "表格",
      "showListWithSummaryViewText": "汇总列表",
      "showTablewithSummaryViewText": "汇总表格",
      "hasValidationErrors": "存在验证错误，请修复这些错误并重新保存",
      "showListViewText": "列表",
      "showImageViewText": "图像",
      "showCompareViewText": "比较",
      "noNavigableData": "对象不包含可导览的内容",
      "objectNavigationSubLocationTitle": "导览",
      "uidParameterMissingInURL": "URL 中缺少 UID 参数",
      "navigationConfirmationSingle": "“{0}”有未保存的编辑。",
      "navigationConfirmationMultiple": "有未保存的编辑。",
      "noSubLocationFoundWithPageNameToken": "找不到有指定页名称标记的子位置"
    },
    "momMessages": {
      "labels": "Command Labels",
      "home": "Home",
      "light": "Light",
      "dark": "Dark",
      "changeTheme": "Change Theme",
      "changeLocale": "Change Language",
      "goToTop": "Go to top",
      "uiSettings": "Settings",
      "momCmdShowListViewTitle": "List",
      "momCmdShowSummaryViewTitle": "List with Summary",
      "momCmdShowTableViewTitle": "Table",
      "momCmdShowTableSummaryViewTitle": "Table with Summary",
      "fullScreenCommand": "Full Screen Mode",
      "fullScreenCommandExit": "Exit Full Screen Mode",
      "momLoginOptionsTitle": "Options",
      "momEmptyComponentText": "There is no data to display"
    },
    "portalMessages": {
      "resourceLbl": "",
      "workCenterLbl": "",
      "operationLbl": "",
      "workstationLbl": "",
      "settingsLbl": "",
      "setLineAssignmentLbl": "",
      "filterTagsLbl": ""
    },
    "SearchMessages": {}
  }
}
