{
  "i18n_ko_KR": {
    "awAddDirectiveMessages": {
      "recentSectionTitle": "최신",
      "otherSectionTitle": "기타",
      "dataSetFileUploadTitle": "파일",
      "relationPropLabel": "관계",
      "loading": "로드 중...",
      "Filter": "필터",
      "refine": "미세 조정",
      "objectType": "유형",
      "newTabTitle": "새로 만들기",
      "paletteTabTitle": "색상표",
      "searchTabTitle": "검색",
      "searchSectionTitle": "검색",
      "assignButtonTitle": "할당",
      "ownProjectSectionTitle": "소유 프로젝트",
      "addProjectButtonTitle": "프로젝트 추가",
      "projectsSectionTitle": "프로젝트",
      "addObjectPanelPinButtonToolTip": "패널 고정",
      "addObjectPanelUnpinButtonToolTip": "패널 고정 해제",
      "pasteSuccessful": "\"{0}\"이(가) 추가되었습니다.",
      "submitSuccessful": "\"{0}\"이(가) 제출되었습니다.",
      "addButtonTitle": "추가",
      "mutiRelationObject": "{0} 선택이 추가되었습니다.",
      "resultTabTitle": "결과",
      "filterTabTitle": "필터",
      "keywordsLabel": "키워드",
      "addButtonInSearch": "추가",
      "datasetName": "이름",
      "datasetDesc": "설명",
      "datasetType": "유형",
      "uploadFile": "파일 업로드",
      "reference": "참조",
      "moreLink": "더보기...",
      "addObjectPanel_oneStepPinCommands": "추가 개체 패널 원스텝 고정 명령",
      "uiwidget_projectSectionCommands": "프로젝트 섹션 명령",
      "aw_compare": "비교"
    },
    "awCompareMessages": {
      "arrange": "정렬"
    },
    "BaseMessages": {
      "RADIO_FALSE": "False",
      "RADIO_TRUE": "True",
      "RADIO_YES": "예",
      "RADIO_NO": "아니요",
      "REQUIRED_TEXT": "필수",
      "PROP_REQUIRED_ERROR": "속성은 필수입니다.",
      "ARRAY_PLACEHOLDER_TEXT": "입력하여 값 추가",
      "MAX_ARRAY_LENGTH": "{0} 항목만 허용됩니다.",
      "NO_LOV_VALUES": "일치 항목 없음",
      "INVALID_INTEGER": "{0}은(는) 정수가 아닙니다. 정수 값을 입력하십시오.",
      "INVALID_DATE": "날짜는 {0}이(가) 되어야 합니다.",
      "INVALID_DOUBLE": "{0}은(는) 실수가 아닙니다. 실수 값을 입력하십시오.",
      "INVALID_TIME": "시간은 {0}이(가) 되어야 합니다.",
      "INVALID_TIME_CHAR": "시간은 {0}이(가) 되어야 합니다.",
      "INTEGER_OUT_OF_RANGE": "{0}은(는) 정수 범위가 아닙니다. '{1}' - '{2}' 사이의 정수 값을 입력하십시오.",
      "INVALID_HTML": "항목에 잠재적으로 위험한 HTML이 있어서 항목이 제거되었습니다.",
      "REMOVE_BUTTON_TITLE": "제거",
      "ADD_BUTTON_TITLE": "추가",
      "BACK_BUTTON_TITLE": "뒤로",
      "MOVE_UP_BUTTON_TITLE": "위로 이동",
      "MOVE_DOWN_BUTTON_TITLE": "아래로 이동",
      "MORE_LINK_TEXT": "더 많이...",
      "LESS_LINK_TEXT": "더 적게...",
      "NO_RESULTS_FOUND": "찾은 결과가 없습니다.",
      "FILTER_TEXT": "필터",
      "FILTER_BY_CATEGORY": "속성으로 필터링",
      "LOADING_TEXT": "로드 중...",
      "NO_FILE_TO_RENDER_TEXT": "볼 수 있는 파일이 없습니다.",
      "NO_FILE_TO_DOWNLOAD_TEXT": "다운로드할 파일이 없습니다.",
      "SET_PANEL_CAPTION": "추가",
      "SERVER_ERROR": "서버에서 오류가 발생했습니다.",
      "COLLAPSE": "축소",
      "EXPAND": "확장",
      "OPEN_PANEL": "패널 열기",
      "CLOSE_PANEL": "패널 닫기",
      "NO_COMMANDS_TEXT": "사용 가능한 명령 없음"
    },
    "dateTimeServiceMessages": {
      "closeText": "완료",
      "prevText": "이전",
      "nextText": "다음",
      "currentText": "오늘",
      "monthName_01": "1월",
      "monthName_02": "2월",
      "monthName_03": "3월",
      "monthName_04": "4월",
      "monthName_05": "5월",
      "monthName_06": "6월",
      "monthName_07": "7월",
      "monthName_08": "8월",
      "monthName_09": "9월",
      "monthName_10": "10월",
      "monthName_11": "11월",
      "monthName_12": "12월",
      "monthNameShort_01": "1월",
      "monthNameShort_02": "2월",
      "monthNameShort_03": "3월",
      "monthNameShort_04": "4월",
      "monthNameShort_05": "5월",
      "monthNameShort_06": "6월",
      "monthNameShort_07": "7월",
      "monthNameShort_08": "8월",
      "monthNameShort_09": "9월",
      "monthNameShort_10": "10월",
      "monthNameShort_11": "11월",
      "monthNameShort_12": "12월",
      "dayName_01": "일요일",
      "dayName_02": "월요일",
      "dayName_03": "화요일",
      "dayName_04": "수요일",
      "dayName_05": "목요일",
      "dayName_06": "금요일",
      "dayName_07": "토요일",
      "dayNameShort_01": "일",
      "dayNameShort_02": "월",
      "dayNameShort_03": "화",
      "dayNameShort_04": "수",
      "dayNameShort_05": "목",
      "dayNameShort_06": "금",
      "dayNameShort_07": "토",
      "dayNameMin_01": "일",
      "dayNameMin_02": "월",
      "dayNameMin_03": "화",
      "dayNameMin_04": "수",
      "dayNameMin_05": "목",
      "dayNameMin_06": "금",
      "dayNameMin_07": "토",
      "weekHeader": "Wk",
      "dateFormat": "mm/dd/yy",
      "yearSuffix": "",
      "anteMeridiem": "AM",
      "postMeridiem": "PM"
    },
    "dragAndDropMessages": {
      "dropCompleted": "\"{0}\" 파일이 \"{1}\"에 추가되었습니다.",
      "dropCompletedDocument": "\"{0}\"이(가) {2} 첨부물과 함께 \"{1}\"에 추가되었습니다."
    },
    "editHandlerMessages": {
      "navigationConfirmationSingle": "\"{0}\"에 저장하지 않은 편집 내용이 있습니다.",
      "navigationConfirmationMultiple": "저장하지 않은 편집 내용이 있습니다.",
      "discard": "취소",
      "save": "저장",
      "validationError": "유효성 확인 오류가 발생했습니다. 이러한 오류를 수정한 다음 다시 저장하십시오."
    },
    "SearchCoreMessages": {
      "preferredSearches": "기본 검색",
      "regularSearches": "기타 검색"
    },
    "treeTableMessages": {
      "TwistieTooltipCollapsed": "자식 표시",
      "TwistieTooltipExpanded": "자식 숨기기",
      "freezeMenu": "동결",
      "unfreezeMenu": "동결 취소",
      "visibilityControlsTitle": "표시/숨기기",
      "arrangeMenu": "정렬",
      "sortAscending": "오름차순 정렬",
      "sortDescending": "내림차순 정렬",
      "removeSort": "정렬 안함",
      "removeAllFilters": "모든 필터 제거"
    },
    "UIElementsMessages": {
      "clientBuild": "클라이언트 작성",
      "logFile": "사용자 세션 로그 파일",
      "aw_rightWall": "오른쪽 벽",
      "aw_footer": "휴대전화번호 바닥글",
      "aw_primaryWorkArea": "기본 작업 영역",
      "aw_globalNavigationbar": "전역 탐색"
    },
    "UIMessages": {
      "browserTitle": "Teamcenter",
      "changeThemeCommand": "설정",
      "colorFilteringCommand": "색상 필터링 표시",
      "colorFilteringCommandExit": "색상 필터링 숨기기",
      "invalidLOVValue": "LOV 값이 올바르지 않습니다",
      "invalidStringLength": "문자열 길이가 올바르지 않습니다",
      "invalidArraySize": "잘못된 배열 크기입니다.",
      "propertyRequired": "속성은 필수입니다.",
      "homeCommandTitle": "홈",
      "MissingPageTitle": "페이지 없음",
      "MissingPageText": "요청한 페이지가 존재하지 않습니다.",
      "backBtn": "이전 위치",
      "selectionCount": "{0} 선택됨",
      "pinCommandTitle": "고정",
      "unpinCommandTitle": "고정 해제",
      "invalidDate": "종료일은 시작일보다 이후여야 합니다.",
      "invalidRange": "\"{0}\"은(는) 유효한 범위가 아닙니다.",
      "invalidValue": "숫자만 입력할 수 있습니다.",
      "invalidPrefilter": "지정된 필터 \"{0}\"에 오류가 있으므로 검색에 완전히 적용되지 않았습니다.",
      "fromText": "원본",
      "toText": "대상",
      "results": "결과",
      "noFilterValue": "미할당",
      "resultsCountLabel": "{1} \"{2}\"에 대해 {0} 결과가 검색됨",
      "noSearchResults": "{0} \"{1}\"에 대한 결과 없음",
      "resultsCountLabelWithSearchBox": "{0} 다음에 대해 결과가 검색됨",
      "noSearchResultsWithSearchBox": "에 대한 결과 없음",
      "resultsCountLabelWithoutInContentSearch": "\"{1}\"에 대해 {0} 결과가 검색됨",
      "resultsCountLabelWithInContentSearch": "\"{1}\" 및 \"{2}\"에 대해 {0} 결과가 검색됨",
      "noSearchResultsWithoutInContentSearch": "\"{0}\"에 대한 결과 없음",
      "noSearchResultsWithInContentSearch": "\"{0}\" 및 \"{1}\"에 대한 결과 없음",
      "selected": "선택됨",
      "noProject": "프로젝트 없음",
      "profile": "프로파일",
      "signOut": "로그아웃",
      "loadingMsg": "로드 중...",
      "lightTheme": "밝게",
      "darkTheme": "어둡게",
      "clearBreadCrumb": "지우기",
      "updateSearchDropDownTitle": "검색 조건 업데이트 및 필터 유지",
      "selectionSummaryTitle": "선택 요약",
      "compareTitle": "비교",
      "arrangeSelectAll": "모두 선택",
      "arrangeUnselectAll": "모두 선택 취소",
      "arrangeReset": "재설정",
      "arrangeMoveUp": "위로 이동",
      "arrangeMoveDown": "아래로 이동",
      "arrange": "정렬",
      "arrangeTitle": "정렬",
      "arrangeButtonTitle": "정렬",
      "showFiltersTitle": "필터 표시",
      "hideFiltersTitle": "필터 숨기기",
      "clearAllFilterTitle": "모든 필터 지우기",
      "ChooseFile": "파일 선택",
      "NoFileChosen": "선택된 파일 없음",
      "searchText": "검색",
      "textFilterTitle": "텍스트 필터",
      "dateFilterTitle": "날짜 필터",
      "numericFilterTitle": "숫자 필터",
      "fromTitle": "원본",
      "toTitle": "대상",
      "aw_uiGrid": "ui 눈금",
      "equalsOperation": "동일",
      "lessThanOperation": "미만",
      "greaterThanOperation": "초과",
      "rangeOperation": "범위",
      "greaterThanFilterTooltip": "초과",
      "greaterThanEqualsFilterTooltip": "크거나 같음",
      "lessThanFilterTooltip": "미만",
      "lessThanEqualsFilterTooltip": "작거나 같음",
      "equalsFilterTooltip": "동일",
      "containsFilterTooltip": "포함",
      "andFilterTooltip": "및"
    },
    "XRTMessages": {
      "objectNotFound": "찾고 있는 개체를 찾을 수 없거나 해당 개체에 대한 액세스 권한이 없습니다.",
      "dataCount": "{0}개체",
      "selectionCountLabel": "{1} 중에서 {0} 선택됨",
      "relation": "관계",
      "canNotLoadData": "편집이 진행 중일 경우 추가 데이터를 로드할 수 없습니다. 추가 데이터를 가져오려면 변경을 취소하거나 저장하십시오.",
      "error": "오류: {0}",
      "ViewerTitle": "뷰어",
      "ShowObjectLocationTitle": "개체 표시",
      "LoadingSummary": "요약 로드 중...",
      "FailureLoadingSummary": "요약 로드 중 오류가 발생했습니다. 다시 시도하십시오.",
      "ImpactAnalysisNotSupported": "현재 영향 분석이 지원되지 않습니다.",
      "showObjectCommandTitle": "열기",
      "showObjectCommandDownloadTitle": "파일 다운로드",
      "objectInfoLabel": "정보",
      "save": "저장",
      "startEdit": "편집 시작",
      "discard": "취소",
      "failureLeaveConfirmation": "확인 그대로 두기 실패",
      "failureCreate": "생성 실패",
      "failureStartEdit": "편집 시작 실패",
      "failureSaveEdit": "다음 오류로 인해 편집이 저장되지 않음:",
      "showTableViewText": "테이블",
      "showListWithSummaryViewText": "요약 포함 리스트",
      "showTablewithSummaryViewText": "요약 포함 테이블",
      "hasValidationErrors": "유효성 확인 오류가 발생했습니다. 이러한 오류를 수정한 다음 다시 저장하십시오.",
      "showListViewText": "리스트",
      "showImageViewText": "이미지",
      "showCompareViewText": "비교",
      "noNavigableData": "개체에 탐색 가능한 내용이 없습니다.",
      "objectNavigationSubLocationTitle": "탐색",
      "uidParameterMissingInURL": "URL에 UID 매개변수가 없습니다.",
      "navigationConfirmationSingle": "\"{0}\"에 저장하지 않은 편집 내용이 있습니다.",
      "navigationConfirmationMultiple": "저장하지 않은 편집 내용이 있습니다.",
      "noSubLocationFoundWithPageNameToken": "지정된 페이지 이름 토큰이 있는 하위 위치를 찾을 수 없습니다."
    },
    "momMessages": {
      "labels": "Command Labels",
      "home": "Home",
      "light": "Light",
      "dark": "Dark",
      "changeTheme": "Change Theme",
      "changeLocale": "Change Language",
      "goToTop": "Go to top",
      "uiSettings": "Settings",
      "momCmdShowListViewTitle": "List",
      "momCmdShowSummaryViewTitle": "List with Summary",
      "momCmdShowTableViewTitle": "Table",
      "momCmdShowTableSummaryViewTitle": "Table with Summary",
      "fullScreenCommand": "Full Screen Mode",
      "fullScreenCommandExit": "Exit Full Screen Mode",
      "momLoginOptionsTitle": "Options",
      "momEmptyComponentText": "There is no data to display"
    },
    "portalMessages": {
      "resourceLbl": "",
      "workCenterLbl": "",
      "operationLbl": "",
      "workstationLbl": "",
      "settingsLbl": "",
      "setLineAssignmentLbl": "",
      "filterTagsLbl": ""
    },
    "SearchMessages": {}
  }
}
