{
  "i18n_it": {
    "awAddDirectiveMessages": {
      "recentSectionTitle": "Recente",
      "otherSectionTitle": "Altro",
      "dataSetFileUploadTitle": "File",
      "relationPropLabel": "Relazione",
      "loading": "Caricamento...",
      "Filter": "Filtro",
      "refine": "Affinare",
      "objectType": "Tipo",
      "newTabTitle": "Nuovo",
      "paletteTabTitle": "Tavolozza",
      "searchTabTitle": "Ricerca",
      "searchSectionTitle": "Ricerca",
      "assignButtonTitle": "Assegna",
      "ownProjectSectionTitle": "Progetto proprietario",
      "addProjectButtonTitle": "Aggiungi progetto",
      "projectsSectionTitle": "Progetti",
      "addObjectPanelPinButtonToolTip": "Aggancia pannello",
      "addObjectPanelUnpinButtonToolTip": "Sgancia pannello",
      "pasteSuccessful": "\"{0}\" è stato aggiunto.",
      "submitSuccessful": "\"{0}\" inviato.",
      "addButtonTitle": "Aggiungi",
      "mutiRelationObject": "{0} selezioni sono state aggiunte.",
      "resultTabTitle": "Risultati",
      "filterTabTitle": "Filtri",
      "keywordsLabel": "Parole chiave",
      "addButtonInSearch": "Aggiungi",
      "datasetName": "Nome",
      "datasetDesc": "Descrizione",
      "datasetType": "Tipo",
      "uploadFile": "Carica file",
      "reference": "Riferimento",
      "moreLink": "Altro...",
      "addObjectPanel_oneStepPinCommands": "Comandi di aggancio a passaggio unico Aggiungi pannello di oggetti",
      "uiwidget_projectSectionCommands": "Comandi Sezione di progetto",
      "aw_compare": "Confronta"
    },
    "awCompareMessages": {
      "arrange": "Disponi"
    },
    "BaseMessages": {
      "RADIO_FALSE": "Falso",
      "RADIO_TRUE": "Vero",
      "RADIO_YES": "Sì",
      "RADIO_NO": "No",
      "REQUIRED_TEXT": "Obbligatorio",
      "PROP_REQUIRED_ERROR": "La proprietà è obbligatoria",
      "ARRAY_PLACEHOLDER_TEXT": "Digitare un valore da aggiungere",
      "MAX_ARRAY_LENGTH": "Sono consentite solo {0} voci.",
      "NO_LOV_VALUES": "Nessuna corrispondenza",
      "INVALID_INTEGER": "{0} non è un numero intero. Inserire un valore intero.",
      "INVALID_DATE": "La data deve essere {0}.",
      "INVALID_DOUBLE": "{0} non è doppio. Inserire un valore doppio.",
      "INVALID_TIME": "L'ora deve essere {0}.",
      "INVALID_TIME_CHAR": "L'ora deve essere {0}.",
      "INTEGER_OUT_OF_RANGE": "{0} non rientra nell'intervallo dei numeri interi. Inserire un valore Numero intero compreso tra \"{1}\" - \"{2}\".",
      "INVALID_HTML": "La voce è stata rimossa perché contiene un HTML potenzialmente pericoloso.",
      "REMOVE_BUTTON_TITLE": "Rimuovi",
      "ADD_BUTTON_TITLE": "Aggiungi",
      "BACK_BUTTON_TITLE": "Indietro",
      "MOVE_UP_BUTTON_TITLE": "Sposta in su",
      "MOVE_DOWN_BUTTON_TITLE": "Sposta in giù",
      "MORE_LINK_TEXT": "Più...",
      "LESS_LINK_TEXT": "Meno...",
      "NO_RESULTS_FOUND": "Nessun risultato.",
      "FILTER_TEXT": "Filtro",
      "FILTER_BY_CATEGORY": "Filtra per proprietà",
      "LOADING_TEXT": "Caricamento...",
      "NO_FILE_TO_RENDER_TEXT": "Nessun file da visualizzare.",
      "NO_FILE_TO_DOWNLOAD_TEXT": "Nessun file da scaricare.",
      "SET_PANEL_CAPTION": "Aggiungi",
      "SERVER_ERROR": "Il server ha rilevato un errore.",
      "COLLAPSE": "Comprimi",
      "EXPAND": "Espandi",
      "OPEN_PANEL": "Apri pannello",
      "CLOSE_PANEL": "Chiudi pannello",
      "NO_COMMANDS_TEXT": "Nessun comando disponibile"
    },
    "dateTimeServiceMessages": {
      "closeText": "Finito",
      "prevText": "Prec.",
      "nextText": "Avanti",
      "currentText": "Oggi",
      "monthName_01": "Gennaio",
      "monthName_02": "Febbraio",
      "monthName_03": "Marzo",
      "monthName_04": "Aprile",
      "monthName_05": "Mag",
      "monthName_06": "Giu.",
      "monthName_07": "Lug.",
      "monthName_08": "Agosto",
      "monthName_09": "Settembre",
      "monthName_10": "Ottobre",
      "monthName_11": "Novembre",
      "monthName_12": "Dicembre",
      "monthNameShort_01": "Gen",
      "monthNameShort_02": "Feb",
      "monthNameShort_03": "Mar",
      "monthNameShort_04": "Apr",
      "monthNameShort_05": "Mag",
      "monthNameShort_06": "Giu",
      "monthNameShort_07": "Lug",
      "monthNameShort_08": "Ago",
      "monthNameShort_09": "Set",
      "monthNameShort_10": "Ott",
      "monthNameShort_11": "Nov",
      "monthNameShort_12": "Dic",
      "dayName_01": "Domenica",
      "dayName_02": "Lunedì",
      "dayName_03": "Martedì",
      "dayName_04": "Mercoledì",
      "dayName_05": "Giovedì",
      "dayName_06": "Venerdì",
      "dayName_07": "Sabato",
      "dayNameShort_01": "Dom",
      "dayNameShort_02": "Lun",
      "dayNameShort_03": "Mar",
      "dayNameShort_04": "Mer",
      "dayNameShort_05": "Gio",
      "dayNameShort_06": "Ven",
      "dayNameShort_07": "Sab",
      "dayNameMin_01": "Do",
      "dayNameMin_02": "Lu",
      "dayNameMin_03": "Ma",
      "dayNameMin_04": "Me",
      "dayNameMin_05": "Gi",
      "dayNameMin_06": "Ve",
      "dayNameMin_07": "Sa",
      "weekHeader": "Sett.",
      "dateFormat": "gg/mm/aa",
      "yearSuffix": "",
      "anteMeridiem": "AM",
      "postMeridiem": "PM"
    },
    "dragAndDropMessages": {
      "dropCompleted": "\"{0}\" file sono stati aggiunti a \"{1}\".",
      "dropCompletedDocument": "\"{0}\" è stato aggiunto a \"{1}\" con {2} allegati."
    },
    "editHandlerMessages": {
      "navigationConfirmationSingle": "\"{0}\" presenta modifiche non salvate.",
      "navigationConfirmationMultiple": "Sono presenti modifiche non salvate.",
      "discard": "Ignora",
      "save": "Salva",
      "validationError": "Riscontrati errori di convalida. Correggere gli errori e ripetere il salvataggio."
    },
    "SearchCoreMessages": {
      "preferredSearches": "Ricerche preferite",
      "regularSearches": "Altre ricerche"
    },
    "treeTableMessages": {
      "TwistieTooltipCollapsed": "Mostra elementi figlio",
      "TwistieTooltipExpanded": "Nascondi elementi figlio",
      "freezeMenu": "Congela",
      "unfreezeMenu": "Scongela",
      "visibilityControlsTitle": "Visualizza/Nascondi",
      "arrangeMenu": "Disponi",
      "sortAscending": "Ordine crescente",
      "sortDescending": "Ordine decrescente",
      "removeSort": "Nessun ordine",
      "removeAllFilters": "Rimuovi tutti i filtri"
    },
    "UIElementsMessages": {
      "clientBuild": "Build client",
      "logFile": "File di log della sessione dell'utente",
      "aw_rightWall": "Parete destra",
      "aw_footer": "Piè di pagina mobile",
      "aw_primaryWorkArea": "Area di lavoro primaria",
      "aw_globalNavigationbar": "Navigazione globale"
    },
    "UIMessages": {
      "browserTitle": "Teamcenter",
      "changeThemeCommand": "Impostazioni",
      "colorFilteringCommand": "Mostra filtri colore",
      "colorFilteringCommandExit": "Nascondi filtri colore",
      "invalidLOVValue": "Valore dell'elenco di valori non valido",
      "invalidStringLength": "Lunghezza stringa non valida",
      "invalidArraySize": "Dimensioni dell'array non valide",
      "propertyRequired": "La proprietà è obbligatoria",
      "homeCommandTitle": "Pagina iniziale",
      "MissingPageTitle": "Pagina mancante",
      "MissingPageText": "La pagina richiesta non esiste.",
      "backBtn": "Percorso precedente",
      "selectionCount": "{0} selezionati",
      "pinCommandTitle": "Aggancia",
      "unpinCommandTitle": "Sgancia",
      "invalidDate": "La data di fine deve essere successiva alla data di inizio.",
      "invalidRange": "\"{0}\" non è un intervallo valido",
      "invalidValue": "È possibile inserire solo numeri",
      "invalidPrefilter": "Il prefiltro \"{0}\" specificato contiene errori, pertanto non viene applicato completamente alla ricerca.",
      "fromText": "Da ",
      "toText": "A",
      "results": "Risultati",
      "noFilterValue": "Non assegnato",
      "resultsCountLabel": "{0} risultati trovati per {1} \"{2}\"",
      "noSearchResults": "Nessun risultato trovato per {0} \"{1}\"",
      "resultsCountLabelWithSearchBox": "{0} risultati trovati per",
      "noSearchResultsWithSearchBox": "Nessun risultato trovato per",
      "resultsCountLabelWithoutInContentSearch": "{0} risultati trovati per \"{1}\"",
      "resultsCountLabelWithInContentSearch": "{0} risultati trovati per \"{1}\" e \"{2}\"",
      "noSearchResultsWithoutInContentSearch": "Nessun risultato trovato per \"{0}\"",
      "noSearchResultsWithInContentSearch": "Nessun risultato trovato per \"{0}\" e \"{1}\"",
      "selected": "selezionato",
      "noProject": "nessun progetto",
      "profile": "Profilo",
      "signOut": "Esci",
      "loadingMsg": "Caricamento...",
      "lightTheme": "Chiaro",
      "darkTheme": "Scuro",
      "clearBreadCrumb": "Cancella",
      "updateSearchDropDownTitle": "Aggiorna criteri di ricerca e mantieni filtri",
      "selectionSummaryTitle": "Riepilogo selezione",
      "compareTitle": "Confronta",
      "arrangeSelectAll": "Seleziona tutto",
      "arrangeUnselectAll": "Deseleziona tutto",
      "arrangeReset": "Ripristina",
      "arrangeMoveUp": "Sposta in su",
      "arrangeMoveDown": "Sposta in giù",
      "arrange": "Disponi",
      "arrangeTitle": "Disponi",
      "arrangeButtonTitle": "Disponi",
      "showFiltersTitle": "Mostra filtri",
      "hideFiltersTitle": "Nascondi filtri",
      "clearAllFilterTitle": "Cancella tutti i filtri",
      "ChooseFile": "Scegli file",
      "NoFileChosen": "Non è stato scelto alcun file",
      "searchText": "Ricerca",
      "textFilterTitle": "Filtro di testo",
      "dateFilterTitle": "Filtro per data",
      "numericFilterTitle": "Filtro numerico",
      "fromTitle": "Da ",
      "toTitle": "A",
      "aw_uiGrid": "Griglia dell'interfaccia utente",
      "equalsOperation": "È uguale a",
      "lessThanOperation": "Minore di",
      "greaterThanOperation": "Maggiore di",
      "rangeOperation": "Intervallo",
      "greaterThanFilterTooltip": "Maggiore di",
      "greaterThanEqualsFilterTooltip": "Maggiore o uguale a",
      "lessThanFilterTooltip": "Minore di",
      "lessThanEqualsFilterTooltip": "Minore o uguale a",
      "equalsFilterTooltip": "È uguale a",
      "containsFilterTooltip": "Contiene",
      "andFilterTooltip": "e"
    },
    "XRTMessages": {
      "objectNotFound": "Impossibile trovare l'oggetto che si sta cercando oppure l'utente non ha accesso all'oggetto",
      "dataCount": "{0} oggetti",
      "selectionCountLabel": "{0} selezionati di {1}",
      "relation": "Relazione",
      "canNotLoadData": "Impossibile caricare altri dati quando sono in corso le modifiche. Annullare/salvare le modifiche per ottenere maggiori dati.",
      "error": "Errore: {0}",
      "ViewerTitle": "Visualizzatore",
      "ShowObjectLocationTitle": "Mostra oggetto",
      "LoadingSummary": "Caricamento riepilogo...",
      "FailureLoadingSummary": "Errore durante il caricamento del riepilogo. Riprovare.",
      "ImpactAnalysisNotSupported": "L'analisi di impatto non è ancora supportata",
      "showObjectCommandTitle": "Apri",
      "showObjectCommandDownloadTitle": "Scarica file",
      "objectInfoLabel": "Informazioni",
      "save": "Salva",
      "startEdit": "Inizia modifiche",
      "discard": "Ignora",
      "failureLeaveConfirmation": "Errore durante l'uscita dalla conferma",
      "failureCreate": "Errore durante la creazione",
      "failureStartEdit": "Errore durante l'inizio delle modifiche",
      "failureSaveEdit": "Modifica non salvata a causa dei seguenti errori:",
      "showTableViewText": "Tabella",
      "showListWithSummaryViewText": "Elenco con riepilogo",
      "showTablewithSummaryViewText": "Tabella con riepilogo",
      "hasValidationErrors": "Riscontrati errori di convalida. Correggere gli errori e ripetere il salvataggio",
      "showListViewText": "Elenco",
      "showImageViewText": "Immagini",
      "showCompareViewText": "Confronta",
      "noNavigableData": "L'oggetto non contiene contenuto esplorabile",
      "objectNavigationSubLocationTitle": "Sfoglia",
      "uidParameterMissingInURL": "Nell'URL manca il parametro UID",
      "navigationConfirmationSingle": "\"{0}\" presenta modifiche non salvate.",
      "navigationConfirmationMultiple": "Sono presenti modifiche non salvate.",
      "noSubLocationFoundWithPageNameToken": "Nessuna locazione secondaria trovata con l'elemento NameToken pagina specificato"
    },
    "momMessages": {
      "labels": "Command Labels",
      "home": "Home",
      "light": "Light",
      "dark": "Dark",
      "changeTheme": "Change Theme",
      "changeLocale": "Change Language",
      "goToTop": "Go to top",
      "uiSettings": "Settings",
      "momCmdShowListViewTitle": "List",
      "momCmdShowSummaryViewTitle": "List with Summary",
      "momCmdShowTableViewTitle": "Table",
      "momCmdShowTableSummaryViewTitle": "Table with Summary",
      "fullScreenCommand": "Full Screen Mode",
      "fullScreenCommandExit": "Exit Full Screen Mode",
      "momLoginOptionsTitle": "Options",
      "momEmptyComponentText": "There is no data to display"
    },
    "portalMessages": {
      "resourceLbl": "",
      "workCenterLbl": "",
      "operationLbl": "",
      "workstationLbl": "",
      "settingsLbl": "",
      "setLineAssignmentLbl": "",
      "filterTagsLbl": ""
    },
    "SearchMessages": {}
  }
}
