{
  "i18n_ru_RU": {
    "awAddDirectiveMessages": {
      "recentSectionTitle": "Последнее",
      "otherSectionTitle": "Другое",
      "dataSetFileUploadTitle": "Файл",
      "relationPropLabel": "Отношение",
      "loading": "Загрузка...",
      "Filter": "Фильтр",
      "refine": "Обновить",
      "objectType": "Типы",
      "newTabTitle": "Создать",
      "paletteTabTitle": "Паллета",
      "searchTabTitle": "Поиск",
      "searchSectionTitle": "Поиск",
      "assignButtonTitle": "Назначить",
      "ownProjectSectionTitle": "Владелец проекта",
      "addProjectButtonTitle": "Добавить проект",
      "projectsSectionTitle": "Проекты",
      "addObjectPanelPinButtonToolTip": "Закрепить панель",
      "addObjectPanelUnpinButtonToolTip": "Открепить панель",
      "pasteSuccessful": "\"{0}\" добавлено.",
      "submitSuccessful": "\"{0}\" отправлено.",
      "addButtonTitle": "Добавить",
      "mutiRelationObject": "Добавлено {0}выбранных объектов.",
      "resultTabTitle": "Результаты",
      "filterTabTitle": "Фильтры",
      "keywordsLabel": "Ключевые слова",
      "addButtonInSearch": "Добавить",
      "datasetName": "Имя",
      "datasetDesc": "Описание",
      "datasetType": "Типы",
      "uploadFile": "Импорт файла",
      "reference": "Ссылка",
      "moreLink": "Развернуть...",
      "addObjectPanel_oneStepPinCommands": "Одношаговые команды закрепления панели Добавить объект",
      "uiwidget_projectSectionCommands": "Команды раздела проекта",
      "aw_compare": "Сравнить"
    },
    "awCompareMessages": {
      "arrange": "Расположить"
    },
    "BaseMessages": {
      "RADIO_FALSE": "Ложь",
      "RADIO_TRUE": "Истина",
      "RADIO_YES": "Да",
      "RADIO_NO": "Нет",
      "REQUIRED_TEXT": "Требуется",
      "PROP_REQUIRED_ERROR": "Требуется свойство",
      "ARRAY_PLACEHOLDER_TEXT": "Введите значение",
      "MAX_ARRAY_LENGTH": "Разрешается только ввод {0}.",
      "NO_LOV_VALUES": "Нет совпадений",
      "INVALID_INTEGER": "{0} не является целым числом. Введите целое число.",
      "INVALID_DATE": "Датой должно быть {0}.",
      "INVALID_DOUBLE": "{0} не является целым двойной точности. Введите целое число двойной точности.",
      "INVALID_TIME": "Временем должно быть {0}.",
      "INVALID_TIME_CHAR": "Временем должно быть {0}.",
      "INTEGER_OUT_OF_RANGE": "{0} не входит в диапазон целых чисел. Задайте целое число в диапазоне '{1}' - '{2}'.",
      "INVALID_HTML": "Ваша запись была удалена, так как HTML несет потенциальный риск.",
      "REMOVE_BUTTON_TITLE": "Удалить",
      "ADD_BUTTON_TITLE": "Добавить",
      "BACK_BUTTON_TITLE": "Назад",
      "MOVE_UP_BUTTON_TITLE": "Переместить вверх",
      "MOVE_DOWN_BUTTON_TITLE": "Переместить вниз",
      "MORE_LINK_TEXT": "Развернуть...",
      "LESS_LINK_TEXT": "Скрыть...",
      "NO_RESULTS_FOUND": "Ничего не найдено.",
      "FILTER_TEXT": "Фильтр",
      "FILTER_BY_CATEGORY": "Фильтр по свойству",
      "LOADING_TEXT": "Загрузка...",
      "NO_FILE_TO_RENDER_TEXT": "Нет файла для просмотра.",
      "NO_FILE_TO_DOWNLOAD_TEXT": "Нет файла для загрузки.",
      "SET_PANEL_CAPTION": "Добавить",
      "SERVER_ERROR": "На сервере возникла ошибка.",
      "COLLAPSE": "Свернуть",
      "EXPAND": "Развернуть",
      "OPEN_PANEL": "Открыть панель",
      "CLOSE_PANEL": "Закрыть панель",
      "NO_COMMANDS_TEXT": "Нет доступных команд"
    },
    "dateTimeServiceMessages": {
      "closeText": "Готово",
      "prevText": "Назад",
      "nextText": "Далее",
      "currentText": "Сегодня",
      "monthName_01": "Январь",
      "monthName_02": "Февраль",
      "monthName_03": "Март",
      "monthName_04": "Апрель",
      "monthName_05": "Май",
      "monthName_06": "Июнь",
      "monthName_07": "Июль",
      "monthName_08": "Август",
      "monthName_09": "Сентябрь",
      "monthName_10": "Октябрь",
      "monthName_11": "Ноябрь",
      "monthName_12": "Декабрь",
      "monthNameShort_01": "Янв",
      "monthNameShort_02": "Фев",
      "monthNameShort_03": "Мар",
      "monthNameShort_04": "Апр",
      "monthNameShort_05": "Май",
      "monthNameShort_06": "Июн",
      "monthNameShort_07": "Июл",
      "monthNameShort_08": "Авг",
      "monthNameShort_09": "Сен",
      "monthNameShort_10": "Окт",
      "monthNameShort_11": "Ноя",
      "monthNameShort_12": "Дек",
      "dayName_01": "Воскресенье",
      "dayName_02": "Понедельник",
      "dayName_03": "Вторник",
      "dayName_04": "Среда",
      "dayName_05": "Четверг",
      "dayName_06": "Пятница",
      "dayName_07": "Суббота",
      "dayNameShort_01": "Вс",
      "dayNameShort_02": "Пн",
      "dayNameShort_03": "Вт",
      "dayNameShort_04": "Ср",
      "dayNameShort_05": "Чт",
      "dayNameShort_06": "Пт",
      "dayNameShort_07": "Сб",
      "dayNameMin_01": "Вс",
      "dayNameMin_02": "Пн",
      "dayNameMin_03": "Вт",
      "dayNameMin_04": "Ср",
      "dayNameMin_05": "Чт",
      "dayNameMin_06": "Пт",
      "dayNameMin_07": "Сб",
      "weekHeader": "Нед",
      "dateFormat": "мм/дд/гг",
      "yearSuffix": "",
      "anteMeridiem": "AM",
      "postMeridiem": "PM"
    },
    "dragAndDropMessages": {
      "dropCompleted": "Файлы \"{0}\" добавлены в \"{1}\".",
      "dropCompletedDocument": "\"{0}\" добавлен в \"{1}\" с вложениями {2}."
    },
    "editHandlerMessages": {
      "navigationConfirmationSingle": "\"{0}\" содержит несохраненные изменения.",
      "navigationConfirmationMultiple": "Присутствуют несохраненные изменения.",
      "discard": "Отменить",
      "save": "Сохранить",
      "validationError": "Обнаружены ошибки проверки. Исправьте ошибки и повторите попытку сохранения."
    },
    "SearchCoreMessages": {
      "preferredSearches": "Предпочитаемые условия поиска",
      "regularSearches": "Прочие условия поиска"
    },
    "treeTableMessages": {
      "TwistieTooltipCollapsed": "Отобразить дочерние",
      "TwistieTooltipExpanded": "Скрыть дочерние",
      "freezeMenu": "Заморозить",
      "unfreezeMenu": "Разморозить",
      "visibilityControlsTitle": "Показать/скрыть",
      "arrangeMenu": "Расположить",
      "sortAscending": "Сортировать по возрастанию",
      "sortDescending": "Сортировать по убыванию",
      "removeSort": "Нет сортировки",
      "removeAllFilters": "Удалить все фильтры"
    },
    "UIElementsMessages": {
      "clientBuild": "Клиентская сборка",
      "logFile": "Файл журнала пользовательской сессии",
      "aw_rightWall": "Правая стенка",
      "aw_footer": "Нижний колонтитул",
      "aw_primaryWorkArea": "Первичная рабочая область",
      "aw_globalNavigationbar": "Глобальный навигатор"
    },
    "UIMessages": {
      "browserTitle": "Teamcenter",
      "changeThemeCommand": "Настройки",
      "colorFilteringCommand": "Показать цветовой фильтр",
      "colorFilteringCommandExit": "Скрыть цветовой фильтр",
      "invalidLOVValue": "Недопустимое значение списка",
      "invalidStringLength": "Недопустимая длина строки",
      "invalidArraySize": "Недопустимый размер массива",
      "propertyRequired": "Требуется свойство",
      "homeCommandTitle": "Home",
      "MissingPageTitle": "Отсутствует страница",
      "MissingPageText": "Запрошенная страница не существует",
      "backBtn": "Предыдущее расположение",
      "selectionCount": "{0} выбрано",
      "pinCommandTitle": "Закрепить",
      "unpinCommandTitle": "Открепить",
      "invalidDate": "Дата завершения должна быть позднее даты начала.",
      "invalidRange": "\"{0}\" не является допустимым диапазоном",
      "invalidValue": "Допускается ввод только чисел",
      "invalidPrefilter": "Предварительный фильтр \"{0}\" содержит ошибки, поэтому он не будет полностью применен к поиску.",
      "fromText": "От",
      "toText": "До",
      "results": "Результаты",
      "noFilterValue": "Неназначенные",
      "resultsCountLabel": "{0} найдено результатов для {1} \"{2}\"",
      "noSearchResults": "Нет результатов для {0} \"{1}\"",
      "resultsCountLabelWithSearchBox": "{0} найдено результатов для",
      "noSearchResultsWithSearchBox": "Нет результатов для",
      "resultsCountLabelWithoutInContentSearch": "найдено {0} результатов для \"{1}\"",
      "resultsCountLabelWithInContentSearch": "{0} результатов найдено для \"{1}\" и \"{2}\"",
      "noSearchResultsWithoutInContentSearch": "Нет результатов для \"{0}\"",
      "noSearchResultsWithInContentSearch": "Нет результатов для \"{0}\" и \"{1}\"",
      "selected": "выбрано ",
      "noProject": "нет проекта",
      "profile": "Профиль",
      "signOut": "Выход",
      "loadingMsg": "Загрузка...",
      "lightTheme": "Светлая",
      "darkTheme": "Темная",
      "clearBreadCrumb": "Очистить",
      "updateSearchDropDownTitle": "Обновить условия поиска и сохранить фильтры",
      "selectionSummaryTitle": "Сводка о выбранном",
      "compareTitle": "Сравнить",
      "arrangeSelectAll": "Выбрать все",
      "arrangeUnselectAll": "Отменить весь выбор",
      "arrangeReset": "Сброс",
      "arrangeMoveUp": "Переместить вверх",
      "arrangeMoveDown": "Переместить вниз",
      "arrange": "Расположить",
      "arrangeTitle": "Расположить",
      "arrangeButtonTitle": "Расположить",
      "showFiltersTitle": "Показать фильтры",
      "hideFiltersTitle": "Скрыть фильтры",
      "clearAllFilterTitle": "Очистить все фильтры",
      "ChooseFile": "Выбрать файл",
      "NoFileChosen": "Файл не выбран",
      "searchText": "Поиск",
      "textFilterTitle": "Текстовый фильтр",
      "dateFilterTitle": "Фильтр по дате",
      "numericFilterTitle": "Числовой фильтр",
      "fromTitle": "От",
      "toTitle": "До",
      "aw_uiGrid": "ui Grid",
      "equalsOperation": "Равно",
      "lessThanOperation": "Меньше",
      "greaterThanOperation": "Больше чем",
      "rangeOperation": "Диапазон",
      "greaterThanFilterTooltip": "Больше",
      "greaterThanEqualsFilterTooltip": "Больше или равно",
      "lessThanFilterTooltip": "Меньше",
      "lessThanEqualsFilterTooltip": "Меньше или равно",
      "equalsFilterTooltip": "Равно",
      "containsFilterTooltip": "Содержимое",
      "andFilterTooltip": "и"
    },
    "XRTMessages": {
      "objectNotFound": "Объект, который вы ищете, не обнаружен, либо к нему отсутствуют права доступа",
      "dataCount": "Объекты: {0}",
      "selectionCountLabel": "{0} выбрано из {1}",
      "relation": "Отношение",
      "canNotLoadData": "Невозможно загрузить большее количество данных, когда выполняется изменение. Отмените или сохраните изменения, чтобы получить дополнительные данные.",
      "error": "Ошибка: {0}",
      "ViewerTitle": "Просмотр",
      "ShowObjectLocationTitle": "Показать объект",
      "LoadingSummary": "Загрузка отчета...",
      "FailureLoadingSummary": "Ошибка при загрузке отчета. Повторите попытку.",
      "ImpactAnalysisNotSupported": "Анализ влияния не поддерживается в текущий момент",
      "showObjectCommandTitle": "Открыть",
      "showObjectCommandDownloadTitle": "Экспорт файла",
      "objectInfoLabel": "Информация",
      "save": "Сохранить",
      "startEdit": "Начать изменение",
      "discard": "Отменить",
      "failureLeaveConfirmation": "Ошибка при подтверждении выхода",
      "failureCreate": "Ошибка при создании",
      "failureStartEdit": "Ошибка в начале изменения",
      "failureSaveEdit": "Внесенные изменения не сохранены из-за следующих ошибок:",
      "showTableViewText": "Таблица",
      "showListWithSummaryViewText": "Список с отчетом",
      "showTablewithSummaryViewText": "Таблица с отчетом",
      "hasValidationErrors": "Обнаружены ошибки проверки, исправьте ошибки и повторите попытку сохранения",
      "showListViewText": "Список",
      "showImageViewText": "Изображения",
      "showCompareViewText": "Сравнить",
      "noNavigableData": "Отсутствует содержимое для отображения",
      "objectNavigationSubLocationTitle": "Навигация",
      "uidParameterMissingInURL": "Параметр UID отсутствует в URL",
      "navigationConfirmationSingle": "\"{0}\" содержит несохраненные изменения.",
      "navigationConfirmationMultiple": "Присутствуют несохраненные изменения.",
      "noSubLocationFoundWithPageNameToken": "Не удалось найти вспомогательные расположения по заданному ключевому слову"
    },
    "momMessages": {
      "labels": "Command Labels",
      "home": "Home",
      "light": "Light",
      "dark": "Dark",
      "changeTheme": "Change Theme",
      "changeLocale": "Change Language",
      "goToTop": "Go to top",
      "uiSettings": "Settings",
      "momCmdShowListViewTitle": "List",
      "momCmdShowSummaryViewTitle": "List with Summary",
      "momCmdShowTableViewTitle": "Table",
      "momCmdShowTableSummaryViewTitle": "Table with Summary",
      "fullScreenCommand": "Full Screen Mode",
      "fullScreenCommandExit": "Exit Full Screen Mode",
      "momLoginOptionsTitle": "Options",
      "momEmptyComponentText": "There is no data to display"
    },
    "portalMessages": {
      "resourceLbl": "",
      "workCenterLbl": "",
      "operationLbl": "",
      "workstationLbl": "",
      "settingsLbl": "",
      "setLineAssignmentLbl": "",
      "filterTagsLbl": ""
    },
    "SearchMessages": {}
  }
}
