{
  "i18n_ja_JP": {
    "awAddDirectiveMessages": {
      "recentSectionTitle": "最近使用した内容",
      "otherSectionTitle": "その他",
      "dataSetFileUploadTitle": "ファイル",
      "relationPropLabel": "リレーション",
      "loading": "ロードしています...",
      "Filter": "フィルタ",
      "refine": "リファイン",
      "objectType": "タイプ",
      "newTabTitle": "新規",
      "paletteTabTitle": "パレット",
      "searchTabTitle": "検索",
      "searchSectionTitle": "検索",
      "assignButtonTitle": "割当て",
      "ownProjectSectionTitle": "所有プロジェクト",
      "addProjectButtonTitle": "プロジェクトを追加",
      "projectsSectionTitle": "プロジェクト",
      "addObjectPanelPinButtonToolTip": "パネルをピン留め",
      "addObjectPanelUnpinButtonToolTip": "パネルをピン留め解除",
      "pasteSuccessful": "\"{0}\"が追加されました。",
      "submitSuccessful": "\"{0}\"は提出済みです。",
      "addButtonTitle": "追加",
      "mutiRelationObject": "{0}選択が追加されました。",
      "resultTabTitle": "結果",
      "filterTabTitle": "フィルタ",
      "keywordsLabel": "キーワード",
      "addButtonInSearch": "追加",
      "datasetName": "名前",
      "datasetDesc": "説明",
      "datasetType": "タイプ",
      "uploadFile": "ファイルをアップロード",
      "reference": "参照",
      "moreLink": "その他...",
      "addObjectPanel_oneStepPinCommands": "オブジェクトパネルを追加1ステップピンコマンド",
      "uiwidget_projectSectionCommands": "プロジェクトセクションコマンド",
      "aw_compare": "比較"
    },
    "awCompareMessages": {
      "arrange": "整列"
    },
    "BaseMessages": {
      "RADIO_FALSE": "偽",
      "RADIO_TRUE": "真",
      "RADIO_YES": "はい",
      "RADIO_NO": "いいえ",
      "REQUIRED_TEXT": "必要",
      "PROP_REQUIRED_ERROR": "プロパティが必要です",
      "ARRAY_PLACEHOLDER_TEXT": "値を追加するタイプ",
      "MAX_ARRAY_LENGTH": "{0}エントリのみが許可されます。",
      "NO_LOV_VALUES": "一致なし",
      "INVALID_INTEGER": "{0}は、整数ではありません。整数値を入力してください。",
      "INVALID_DATE": "日付は{0}である必要があります。",
      "INVALID_DOUBLE": "{0}は、倍精度ではありません。倍精度値を入力してください。",
      "INVALID_TIME": "時間は、{0}である必要があります。",
      "INVALID_TIME_CHAR": "時間は、{0}である必要があります。",
      "INTEGER_OUT_OF_RANGE": "{0}は、整数の範囲外です。 '{1}'から'{2}'間の整数値を入力してください。",
      "INVALID_HTML": "エントリは、潜在的に危険なHTMLを含んでいるため除去されました。",
      "REMOVE_BUTTON_TITLE": "除去",
      "ADD_BUTTON_TITLE": "追加",
      "BACK_BUTTON_TITLE": "戻る",
      "MOVE_UP_BUTTON_TITLE": "上へ移動",
      "MOVE_DOWN_BUTTON_TITLE": "下へ移動",
      "MORE_LINK_TEXT": "その他...",
      "LESS_LINK_TEXT": "オプションを非表示...",
      "NO_RESULTS_FOUND": "結果が見つかりませんでした。",
      "FILTER_TEXT": "フィルタ",
      "FILTER_BY_CATEGORY": "プロパティによるフィルタ",
      "LOADING_TEXT": "ロードしています...",
      "NO_FILE_TO_RENDER_TEXT": "表示するファイルがありません。",
      "NO_FILE_TO_DOWNLOAD_TEXT": "ダウンロードするファイルがありません。",
      "SET_PANEL_CAPTION": "追加",
      "SERVER_ERROR": "サーバでエラーが発生しました。",
      "COLLAPSE": "折畳み",
      "EXPAND": "展開",
      "OPEN_PANEL": "パネルを開く",
      "CLOSE_PANEL": "パネルを閉じる",
      "NO_COMMANDS_TEXT": "使用可能なコマンドがありません"
    },
    "dateTimeServiceMessages": {
      "closeText": "実行",
      "prevText": "前へ",
      "nextText": "次へ",
      "currentText": "今日",
      "monthName_01": "1月",
      "monthName_02": "2月",
      "monthName_03": "3月",
      "monthName_04": "4月",
      "monthName_05": "5月",
      "monthName_06": "6月",
      "monthName_07": "7月",
      "monthName_08": "8月",
      "monthName_09": "9月",
      "monthName_10": "10月",
      "monthName_11": "11月",
      "monthName_12": "12月",
      "monthNameShort_01": "1",
      "monthNameShort_02": "2",
      "monthNameShort_03": "3",
      "monthNameShort_04": "4",
      "monthNameShort_05": "5",
      "monthNameShort_06": "6",
      "monthNameShort_07": "7",
      "monthNameShort_08": "8",
      "monthNameShort_09": "9",
      "monthNameShort_10": "10",
      "monthNameShort_11": "11",
      "monthNameShort_12": "12",
      "dayName_01": "日曜日",
      "dayName_02": "月曜日",
      "dayName_03": "火曜日",
      "dayName_04": "水曜日",
      "dayName_05": "木曜日",
      "dayName_06": "金曜日",
      "dayName_07": "土曜日",
      "dayNameShort_01": "日",
      "dayNameShort_02": "月",
      "dayNameShort_03": "火",
      "dayNameShort_04": "水",
      "dayNameShort_05": "木",
      "dayNameShort_06": "金",
      "dayNameShort_07": "土",
      "dayNameMin_01": "日",
      "dayNameMin_02": "月",
      "dayNameMin_03": "火",
      "dayNameMin_04": "水",
      "dayNameMin_05": "木",
      "dayNameMin_06": "金",
      "dayNameMin_07": "土",
      "weekHeader": "週",
      "dateFormat": "mm/dd/yy",
      "yearSuffix": "",
      "anteMeridiem": "午前",
      "postMeridiem": "午後"
    },
    "dragAndDropMessages": {
      "dropCompleted": "\"{0}\"ファイルが\"{1}\"に追加されました。",
      "dropCompletedDocument": "\"{0}\"は、\"{1}\"に、{2}の添付と一緒に追加されました。"
    },
    "editHandlerMessages": {
      "navigationConfirmationSingle": "\"{0}\"には、未保存の編集があります。",
      "navigationConfirmationMultiple": "未保存の編集があります。",
      "discard": "破棄",
      "save": "保存",
      "validationError": "検証エラーがあります。 これらのエラーを修復して、再度保存してください."
    },
    "SearchCoreMessages": {
      "preferredSearches": "優先検索",
      "regularSearches": "他の検索"
    },
    "treeTableMessages": {
      "TwistieTooltipCollapsed": "子を表示",
      "TwistieTooltipExpanded": "子を非表示",
      "freezeMenu": "凍結",
      "unfreezeMenu": "解凍",
      "visibilityControlsTitle": "表示/非表示",
      "arrangeMenu": "整列",
      "sortAscending": "昇順でソート",
      "sortDescending": "降順でソート",
      "removeSort": "ソートなし",
      "removeAllFilters": "すべてのフィルタを除去"
    },
    "UIElementsMessages": {
      "clientBuild": "クライアントビルド",
      "logFile": "ユーザセッションログファイル",
      "aw_rightWall": "右壁",
      "aw_footer": "モバイルフッタ",
      "aw_primaryWorkArea": "プライマリ作業領域",
      "aw_globalNavigationbar": "グローバルナビゲーション"
    },
    "UIMessages": {
      "browserTitle": "Teamcenter",
      "changeThemeCommand": "設定",
      "colorFilteringCommand": "色フィルタを表示",
      "colorFilteringCommandExit": "色フィルタを非表示",
      "invalidLOVValue": "無効なLOV値",
      "invalidStringLength": "文字列長さが無効です",
      "invalidArraySize": "無効な配列サイズ",
      "propertyRequired": "プロパティが必要です",
      "homeCommandTitle": "ホーム",
      "MissingPageTitle": "ページがありません",
      "MissingPageText": "要求されたページは存在しません。",
      "backBtn": "以前の場所",
      "selectionCount": "{0} 選択済み",
      "pinCommandTitle": "ピン",
      "unpinCommandTitle": "ピン解除",
      "invalidDate": "終了日は、開始日より後である必要があります。",
      "invalidRange": "\"{0}\"は有効な範囲ではありません",
      "invalidValue": "数のみを入力することができます",
      "invalidPrefilter": "指定したプリフィルタ\"{0}\"にはエラーがあり、そのため完全には検索に適用されません。",
      "fromText": "From",
      "toText": "先",
      "results": "結果",
      "noFilterValue": "未割当て",
      "resultsCountLabel": "{0} 結果が({1} \"{2}\"に対して)見つかりました",
      "noSearchResults": "{0} \"{1}\"に対する結果が見つかりません",
      "resultsCountLabelWithSearchBox": "{0} 検索結果",
      "noSearchResultsWithSearchBox": "に対する結果が見つかりませんでした",
      "resultsCountLabelWithoutInContentSearch": "{0} 結果が\"{1}\"に対して見つかりました",
      "resultsCountLabelWithInContentSearch": "{0}結果が\"{1}\"および\"{2}\"に対して見つかりました",
      "noSearchResultsWithoutInContentSearch": "に対する結果が見つかりませんでした \"{0}\"",
      "noSearchResultsWithInContentSearch": "\"{0}\"および\"{1}\"に対して結果が見つかりませんでした",
      "selected": "選択済み",
      "noProject": "プロジェクトがありません",
      "profile": "プロファイル",
      "signOut": "サインアウト",
      "loadingMsg": "ロードしています...",
      "lightTheme": "ライト",
      "darkTheme": "ダーク",
      "clearBreadCrumb": "クリア",
      "updateSearchDropDownTitle": "検索基準を更新してフィルタを保持",
      "selectionSummaryTitle": "選択サマリ",
      "compareTitle": "比較",
      "arrangeSelectAll": "すべてを選択",
      "arrangeUnselectAll": "すべて選択解除",
      "arrangeReset": "リセット",
      "arrangeMoveUp": "上へ移動",
      "arrangeMoveDown": "下へ移動",
      "arrange": "整列",
      "arrangeTitle": "整列",
      "arrangeButtonTitle": "整列",
      "showFiltersTitle": "フィルタを表示",
      "hideFiltersTitle": "フィルタを非表示",
      "clearAllFilterTitle": "すべてのフィルタをクリア",
      "ChooseFile": "ファイルを選択",
      "NoFileChosen": "ファイルが選択されていません",
      "searchText": "検索",
      "textFilterTitle": "テキストフィルタ",
      "dateFilterTitle": "日付フィルタ",
      "numericFilterTitle": "数値フィルタ",
      "fromTitle": "From",
      "toTitle": "先",
      "aw_uiGrid": "uiグリッド",
      "equalsOperation": "Equals",
      "lessThanOperation": "<",
      "greaterThanOperation": ">",
      "rangeOperation": "範囲",
      "greaterThanFilterTooltip": ">",
      "greaterThanEqualsFilterTooltip": "≧",
      "lessThanFilterTooltip": "<",
      "lessThanEqualsFilterTooltip": "≦",
      "equalsFilterTooltip": "Equals",
      "containsFilterTooltip": "含む",
      "andFilterTooltip": "and"
    },
    "XRTMessages": {
      "objectNotFound": "探しているオブジェクトは、見つけることができなかったか、アクセス権がありません",
      "dataCount": "{0}オブジェクト",
      "selectionCountLabel": "{0}が選択されています({1}のうち)",
      "relation": "リレーション",
      "canNotLoadData": "編集が進行中のとき、それ以上のデータをロードできません。 それ以上のデータを取得するには、キャンセル/変更を保存してください。",
      "error": "エラー: {0}",
      "ViewerTitle": "ビューア",
      "ShowObjectLocationTitle": "オブジェクトを表示",
      "LoadingSummary": "サマリをロードしています...",
      "FailureLoadingSummary": "サマリのロードに失敗しました。 再試行してください。",
      "ImpactAnalysisNotSupported": "影響分析は現在サポートされていません",
      "showObjectCommandTitle": "開く",
      "showObjectCommandDownloadTitle": "ファイルをダウンロード",
      "objectInfoLabel": "情報",
      "save": "保存",
      "startEdit": "編集を開始",
      "discard": "破棄",
      "failureLeaveConfirmation": "確認の維持に失敗",
      "failureCreate": "作成での失敗",
      "failureStartEdit": "開始編集に失敗",
      "failureSaveEdit": "次のエラーのために編集は保存されません:",
      "showTableViewText": "テーブル",
      "showListWithSummaryViewText": "サマリ付きリスト",
      "showTablewithSummaryViewText": "サマリ付きテーブル",
      "hasValidationErrors": "検証エラーがあります、これらのエラーを修復して、再度保存してください",
      "showListViewText": "リスト",
      "showImageViewText": "イメージ",
      "showCompareViewText": "比較",
      "noNavigableData": "オブジェクトは、ナビゲート可能なコンテンツを含んでいません",
      "objectNavigationSubLocationTitle": "ナビゲート",
      "uidParameterMissingInURL": "UIDパラメータがURL内にありません",
      "navigationConfirmationSingle": "\"{0}\"には、未保存の編集があります。",
      "navigationConfirmationMultiple": "未保存の編集があります。",
      "noSubLocationFoundWithPageNameToken": "指定したページNameTokenでサブロケーションが見つかりません"
    },
    "momMessages": {
      "labels": "Command Labels",
      "home": "Home",
      "light": "Light",
      "dark": "Dark",
      "changeTheme": "Change Theme",
      "changeLocale": "Change Language",
      "goToTop": "Go to top",
      "uiSettings": "Settings",
      "momCmdShowListViewTitle": "List",
      "momCmdShowSummaryViewTitle": "List with Summary",
      "momCmdShowTableViewTitle": "Table",
      "momCmdShowTableSummaryViewTitle": "Table with Summary",
      "fullScreenCommand": "Full Screen Mode",
      "fullScreenCommandExit": "Exit Full Screen Mode",
      "momLoginOptionsTitle": "Options",
      "momEmptyComponentText": "There is no data to display"
    },
    "portalMessages": {
      "resourceLbl": "",
      "workCenterLbl": "",
      "operationLbl": "",
      "workstationLbl": "",
      "settingsLbl": "",
      "setLineAssignmentLbl": "",
      "filterTagsLbl": ""
    },
    "SearchMessages": {}
  }
}
