{
  "i18n_de": {
    "awAddDirectiveMessages": {
      "recentSectionTitle": "Kürzlich verwendet",
      "otherSectionTitle": "Andere",
      "dataSetFileUploadTitle": "Datei",
      "relationPropLabel": "Beziehung",
      "loading": "Laden...",
      "Filter": "Filter",
      "refine": "Verfeinern",
      "objectType": "Typ",
      "newTabTitle": "Neu",
      "paletteTabTitle": "Palette",
      "searchTabTitle": "Suche",
      "searchSectionTitle": "Suche",
      "assignButtonTitle": "Zuweisen",
      "ownProjectSectionTitle": "Eigentümerprojekt",
      "addProjectButtonTitle": "Projekt hinzufügen",
      "projectsSectionTitle": "Projekte",
      "addObjectPanelPinButtonToolTip": "Fenster anheften",
      "addObjectPanelUnpinButtonToolTip": "Fenster lösen",
      "pasteSuccessful": "\"{0}\" wurde hinzugefügt.",
      "submitSuccessful": "\"{0}\" wurde gesendet.",
      "addButtonTitle": "Hinzufügen",
      "mutiRelationObject": "{0} Auswahlen wurden hinzugefügt.",
      "resultTabTitle": "Ergebnisse",
      "filterTabTitle": "Filter",
      "keywordsLabel": "Schlüsselwörter",
      "addButtonInSearch": "Hinzufügen",
      "datasetName": "Name",
      "datasetDesc": "Beschreibung",
      "datasetType": "Typ",
      "uploadFile": "Datei hochladen",
      "reference": "Referenz",
      "moreLink": "Mehr...",
      "addObjectPanel_oneStepPinCommands": "\"Objekt hinzufügen\"-Ein-Schritt-Anheften-Befehle",
      "uiwidget_projectSectionCommands": "Projektabschnittsbefehle",
      "aw_compare": "Vergleichen"
    },
    "awCompareMessages": {
      "arrange": "Anordnen"
    },
    "BaseMessages": {
      "RADIO_FALSE": "Falsch",
      "RADIO_TRUE": "Wahr",
      "RADIO_YES": "Ja",
      "RADIO_NO": "Nein",
      "REQUIRED_TEXT": "Erforderlich",
      "PROP_REQUIRED_ERROR": "Eigenschaft ist erforderlich",
      "ARRAY_PLACEHOLDER_TEXT": "Geben Sie einen Wert ein",
      "MAX_ARRAY_LENGTH": "Nur {0} Einträge sind erlaubt.",
      "NO_LOV_VALUES": "Keine Übereinstimmungen",
      "INVALID_INTEGER": "{0} ist kein Ganzzahlwert. Geben Sie bitte einen Ganzzahlwert ein.",
      "INVALID_DATE": "Datum sollte {0} sein.",
      "INVALID_DOUBLE": "{0} ist kein Doppelzahlwert. Geben Sie bitte einen Doppelzahlwert ein.",
      "INVALID_TIME": "Zeit sollte {0} sein.",
      "INVALID_TIME_CHAR": "Zeit sollte {0} sein.",
      "INTEGER_OUT_OF_RANGE": "{0} liegt außerhalb des Bereichs für Ganzzahlen. Geben Sie bitte einen ganzzahligen Wert zwischen '{1}' - '{2}' ein.",
      "INVALID_HTML": "Ihr Eintrag wurde entfernt, da er potentiell gefährlichen HTML-Code enthält.",
      "REMOVE_BUTTON_TITLE": "Entfernen",
      "ADD_BUTTON_TITLE": "Hinzufügen",
      "BACK_BUTTON_TITLE": "Zurück",
      "MOVE_UP_BUTTON_TITLE": "Nach oben",
      "MOVE_DOWN_BUTTON_TITLE": "Nach unten",
      "MORE_LINK_TEXT": "Mehr...",
      "LESS_LINK_TEXT": "Weniger...",
      "NO_RESULTS_FOUND": "Keine Ergebnisse gefunden.",
      "FILTER_TEXT": "Filter",
      "FILTER_BY_CATEGORY": "Nach Eigenschaft filtern",
      "LOADING_TEXT": "Laden...",
      "NO_FILE_TO_RENDER_TEXT": "Keine Datei zum Anzeigen vorhanden.",
      "NO_FILE_TO_DOWNLOAD_TEXT": "Keine Datei zum Herunterladen vorhanden.",
      "SET_PANEL_CAPTION": "Hinzufügen",
      "SERVER_ERROR": "Server-Fehler.",
      "COLLAPSE": "Ausblenden",
      "EXPAND": "Einblenden",
      "OPEN_PANEL": "Fenster öffnen",
      "CLOSE_PANEL": "Fenster schließen",
      "NO_COMMANDS_TEXT": "Keine Befehle verfügbar"
    },
    "dateTimeServiceMessages": {
      "closeText": "Abgeschlossen",
      "prevText": "Vorherige",
      "nextText": "Weiter",
      "currentText": "Heute",
      "monthName_01": "Januar",
      "monthName_02": "Februar",
      "monthName_03": "März",
      "monthName_04": "April",
      "monthName_05": "Mai",
      "monthName_06": "Juni",
      "monthName_07": "Juli",
      "monthName_08": "August",
      "monthName_09": "September",
      "monthName_10": "Oktober",
      "monthName_11": "November",
      "monthName_12": "Dezember",
      "monthNameShort_01": "Jan",
      "monthNameShort_02": "Feb",
      "monthNameShort_03": "Mrz",
      "monthNameShort_04": "Apr",
      "monthNameShort_05": "Mai",
      "monthNameShort_06": "Jun",
      "monthNameShort_07": "Jul",
      "monthNameShort_08": "Aug",
      "monthNameShort_09": "Sep",
      "monthNameShort_10": "Okt",
      "monthNameShort_11": "Nov",
      "monthNameShort_12": "Dez",
      "dayName_01": "Sonntag",
      "dayName_02": "Montag",
      "dayName_03": "Dienstag",
      "dayName_04": "Mittwoch",
      "dayName_05": "Donnerstag",
      "dayName_06": "Freitag",
      "dayName_07": "Samstag",
      "dayNameShort_01": "So",
      "dayNameShort_02": "Mo",
      "dayNameShort_03": "Di",
      "dayNameShort_04": "Mi",
      "dayNameShort_05": "Do",
      "dayNameShort_06": "Fr",
      "dayNameShort_07": "Sa",
      "dayNameMin_01": "So",
      "dayNameMin_02": "Mo",
      "dayNameMin_03": "Di",
      "dayNameMin_04": "Mi",
      "dayNameMin_05": "Do",
      "dayNameMin_06": "Fr",
      "dayNameMin_07": "Sa",
      "weekHeader": "Wo",
      "dateFormat": "MM/TT/JJ",
      "yearSuffix": "",
      "anteMeridiem": "AM",
      "postMeridiem": "PM"
    },
    "dragAndDropMessages": {
      "dropCompleted": "\"{0}\" Dateien wurden für \"{1}\" hinzugefügt.",
      "dropCompletedDocument": "\"{0}\" wurde zu \"{1}\" mit {2} Anhängen hinzugefügt."
    },
    "editHandlerMessages": {
      "navigationConfirmationSingle": "\"{0}\" enthält nicht gespeicherte Änderungen.",
      "navigationConfirmationMultiple": "Nicht gespeicherte Änderungen vorhanden.",
      "discard": "Verwerfen",
      "save": "Speichern",
      "validationError": "Es sind Prüffehler vorhanden. Beheben Sie bitte die Fehler und führen Sie die Speicherung erneut aus."
    },
    "SearchCoreMessages": {
      "preferredSearches": "Bevorzugte Suchen",
      "regularSearches": "Andere Suchen"
    },
    "treeTableMessages": {
      "TwistieTooltipCollapsed": "Unterordnungen anzeigen",
      "TwistieTooltipExpanded": "Unterordnungen ausblenden",
      "freezeMenu": "Einfrieren",
      "unfreezeMenu": "Einfrieren aufheben",
      "visibilityControlsTitle": "Anzeigen/Ausblenden",
      "arrangeMenu": "Anordnen",
      "sortAscending": "Sortiert in aufsteigender Reihenfolge.",
      "sortDescending": "Sortiert in absteigender Reihenfolge.",
      "removeSort": "Keine Sortierung",
      "removeAllFilters": "Alle Filter entfernen"
    },
    "UIElementsMessages": {
      "clientBuild": "Client Build",
      "logFile": "Benutzersitzungs-Protokolldatei",
      "aw_rightWall": "Rechte Wand",
      "aw_footer": "Beweglicher Footer",
      "aw_primaryWorkArea": "Primärer Arbeitsbereich",
      "aw_globalNavigationbar": "Globale Navigation"
    },
    "UIMessages": {
      "browserTitle": "Teamcenter",
      "changeThemeCommand": "Einstellungen",
      "colorFilteringCommand": "Farbfilterung anzeigen",
      "colorFilteringCommandExit": "Farbfilterung verbergen",
      "invalidLOVValue": "Ungültiger Wertelistenwert",
      "invalidStringLength": "Ungültige Zeichenfolgenlänge",
      "invalidArraySize": "Ungültige Array-Größe",
      "propertyRequired": "Eigenschaft ist erforderlich",
      "homeCommandTitle": "Pers. Ablage",
      "MissingPageTitle": "Seite nicht vorhanden",
      "MissingPageText": "Die angeforderte Seite ist nicht vorhanden.",
      "backBtn": "Zurück",
      "selectionCount": "{0} ausgewählt",
      "pinCommandTitle": "Anheften",
      "unpinCommandTitle": "Abheften",
      "invalidDate": "Das Enddatum muss nach dem Startdatum liegen.",
      "invalidRange": "\"{0}\" ist kein gültiger Bereich",
      "invalidValue": "Nur Zahlen können eingegeben werden",
      "invalidPrefilter": "Der angegebene Vorfilter \"{0}\" enthält Fehler und wird daher nicht vollständig auf die Suche angewendet.",
      "fromText": "Von",
      "toText": "An",
      "results": "Ergebnisse",
      "noFilterValue": "Nicht zugewiesen",
      "resultsCountLabel": "{0} Ergebnisse wurden für {1} \"{2}\" gefunden",
      "noSearchResults": "Keine Ergebnisse für {0} \"{1}\" gefunden",
      "resultsCountLabelWithSearchBox": "{0} Ergebnisse gefunden für",
      "noSearchResultsWithSearchBox": "Keine Ergebnisse gefunden für",
      "resultsCountLabelWithoutInContentSearch": "{0} Ergebnisse wurden für \"{1}\" gefunden",
      "resultsCountLabelWithInContentSearch": "{0} Ergebnisse wurden für \"{1}\" und \"{2}\" gefunden",
      "noSearchResultsWithoutInContentSearch": "Keine Ergebnisse für \"{0}\" gefunden",
      "noSearchResultsWithInContentSearch": "Keine Ergebnisse für \"{0}\" und \"{1}\" gefunden",
      "selected": "ausgewählt",
      "noProject": "Kein Projekt",
      "profile": "Profil",
      "signOut": "Abmelden",
      "loadingMsg": "Laden...",
      "lightTheme": "Hell",
      "darkTheme": "Dunkel",
      "clearBreadCrumb": "Zurücksetzen",
      "updateSearchDropDownTitle": "Suchkriterien aktualisieren und Filter beibehalten",
      "selectionSummaryTitle": "Auswahlzusammenfassung",
      "compareTitle": "Vergleichen",
      "arrangeSelectAll": "Alle auswählen",
      "arrangeUnselectAll": "Auswahl aller aufheben",
      "arrangeReset": "Zurücksetzen",
      "arrangeMoveUp": "Nach oben",
      "arrangeMoveDown": "Nach unten",
      "arrange": "Anordnen",
      "arrangeTitle": "Anordnen",
      "arrangeButtonTitle": "Anordnen",
      "showFiltersTitle": "Filter anzeigen",
      "hideFiltersTitle": "Filter ausblenden",
      "clearAllFilterTitle": "Alle Filter zurücksetzen",
      "ChooseFile": "Datei auswählen",
      "NoFileChosen": "Keine Datei ausgewählt",
      "searchText": "Suche",
      "textFilterTitle": "Textfilter",
      "dateFilterTitle": "Datenfilter",
      "numericFilterTitle": "Numerischer Filter",
      "fromTitle": "Von",
      "toTitle": "An",
      "aw_uiGrid": "UI-Gitter",
      "equalsOperation": "Ist gleich",
      "lessThanOperation": "Kleiner als",
      "greaterThanOperation": "Größer als",
      "rangeOperation": "Bereich",
      "greaterThanFilterTooltip": "Größer als",
      "greaterThanEqualsFilterTooltip": "Größer oder gleich",
      "lessThanFilterTooltip": "Kleiner als",
      "lessThanEqualsFilterTooltip": "Kleiner oder gleich",
      "equalsFilterTooltip": "Ist gleich",
      "containsFilterTooltip": "Enthält",
      "andFilterTooltip": "und"
    },
    "XRTMessages": {
      "objectNotFound": "Das zu suchende Objekt konnte nicht gefunden werden oder Sie besitzen keinen Zugriff darauf.",
      "dataCount": "{0} Objekte",
      "selectionCountLabel": "{0} ausgewählt von {1}",
      "relation": "Beziehung",
      "canNotLoadData": "Es können keine weiteren Daten geladen werden, wenn die Bearbeitung ausgeführt wird. Speichern oder brechen Sie bitte Ihre Bearbeitung ab, um weitere Daten abzurufen.",
      "error": "Fehler: {0}",
      "ViewerTitle": "Viewer",
      "ShowObjectLocationTitle": "Objekt anzeigen",
      "LoadingSummary": "Übersicht wird geladen...",
      "FailureLoadingSummary": "Fehler beim Laden der Übersicht. Versuchen Sie es bitte erneut.",
      "ImpactAnalysisNotSupported": "Die Auswirkungsanalyse wird momentan nicht unterstützt",
      "showObjectCommandTitle": "Öffnen",
      "showObjectCommandDownloadTitle": "Datei herunterladen",
      "objectInfoLabel": "Informationen",
      "save": "Speichern",
      "startEdit": "Bearbeitung starten",
      "discard": "Verwerfen",
      "failureLeaveConfirmation": "Fehler in Bestätigung zum Verlassen",
      "failureCreate": "Erstellungsfehler",
      "failureStartEdit": "Fehler beim Starten der Bearbeitung",
      "failureSaveEdit": "Änderungen wurden aufgrund der folgenden Fehler nicht gespeichert:",
      "showTableViewText": "Tabelle",
      "showListWithSummaryViewText": "Liste mit Übersicht",
      "showTablewithSummaryViewText": "Tabelle mit Übersicht",
      "hasValidationErrors": "Es sind Prüffehler vorhanden. Beheben Sie bitte die Fehler und führen Sie die Speicherung erneut aus.",
      "showListViewText": "Liste",
      "showImageViewText": "Bilder",
      "showCompareViewText": "Vergleichen",
      "noNavigableData": "Das Objekt enthält keinen navigierbaren Inhalt",
      "objectNavigationSubLocationTitle": "Navigieren",
      "uidParameterMissingInURL": "UID-Parameter ist nicht in URL vorhanden",
      "navigationConfirmationSingle": "\"{0}\" enthält nicht gespeicherte Änderungen.",
      "navigationConfirmationMultiple": "Nicht gespeicherte Änderungen vorhanden.",
      "noSubLocationFoundWithPageNameToken": "Keine Unterposition mit dem angegebenen Seitennamen-Token gefunden."
    },
    "momMessages": {
      "labels": "Command Labels",
      "home": "Home",
      "light": "Light",
      "dark": "Dark",
      "changeTheme": "Change Theme",
      "changeLocale": "Change Language",
      "goToTop": "Go to top",
      "uiSettings": "Settings",
      "momCmdShowListViewTitle": "List",
      "momCmdShowSummaryViewTitle": "List with Summary",
      "momCmdShowTableViewTitle": "Table",
      "momCmdShowTableSummaryViewTitle": "Table with Summary",
      "fullScreenCommand": "Full Screen Mode",
      "fullScreenCommandExit": "Exit Full Screen Mode",
      "momLoginOptionsTitle": "Options",
      "momEmptyComponentText": "There is no data to display"
    },
    "portalMessages": {
      "resourceLbl": "",
      "workCenterLbl": "",
      "operationLbl": "",
      "workstationLbl": "",
      "settingsLbl": "",
      "setLineAssignmentLbl": "",
      "filterTagsLbl": ""
    },
    "SearchMessages": {}
  }
}
