{
  "i18n_es": {
    "awAddDirectiveMessages": {
      "recentSectionTitle": "Recientes",
      "otherSectionTitle": "Otro",
      "dataSetFileUploadTitle": "Archivo",
      "relationPropLabel": "Relación",
      "loading": "Cargando...",
      "Filter": "Filtro",
      "refine": "Refinar",
      "objectType": "Tipo",
      "newTabTitle": "Nuevo",
      "paletteTabTitle": "Paleta",
      "searchTabTitle": "Búsqueda",
      "searchSectionTitle": "Búsqueda",
      "assignButtonTitle": "Asignar",
      "ownProjectSectionTitle": "Proyecto propietario",
      "addProjectButtonTitle": "Agregar un proyecto",
      "projectsSectionTitle": "Proyectos",
      "addObjectPanelPinButtonToolTip": "Fijar panel",
      "addObjectPanelUnpinButtonToolTip": "Desfijar panel",
      "pasteSuccessful": "Se agregó \"{0}\".",
      "submitSuccessful": "\"{0}« fue entregado.",
      "addButtonTitle": "Agregar",
      "mutiRelationObject": "Se agregaron {0} selecciones.",
      "resultTabTitle": "Resultados",
      "filterTabTitle": "Filtros",
      "keywordsLabel": "Palabras clave",
      "addButtonInSearch": "Agregar",
      "datasetName": "Nombre",
      "datasetDesc": "Descripción",
      "datasetType": "Tipo",
      "uploadFile": "Cargar el archivo",
      "reference": "Referencia",
      "moreLink": "Más...",
      "addObjectPanel_oneStepPinCommands": "Comandos Agregar patilla de conexión de un paso al panel de eventos",
      "uiwidget_projectSectionCommands": "Comandos de sección del proyecto",
      "aw_compare": "Comparar"
    },
    "awCompareMessages": {
      "arrange": "Ordenar"
    },
    "BaseMessages": {
      "RADIO_FALSE": "Falso",
      "RADIO_TRUE": "Verdadero",
      "RADIO_YES": "Sí",
      "RADIO_NO": "No",
      "REQUIRED_TEXT": "Necesario",
      "PROP_REQUIRED_ERROR": "La propiedad es obligatoria",
      "ARRAY_PLACEHOLDER_TEXT": "Escriba para agregar un valor",
      "MAX_ARRAY_LENGTH": "Se permiten solamente {0} entradas.",
      "NO_LOV_VALUES": "Sin concordancia",
      "INVALID_INTEGER": "{0} no es un número entero. Introduzca un valor de número entero.",
      "INVALID_DATE": "La fecha debe ser {0}.",
      "INVALID_DOUBLE": "{0} no es un duplicado. Introduzca un valor duplicado.",
      "INVALID_TIME": "La hora debe ser {0}.",
      "INVALID_TIME_CHAR": "La hora debe ser {0}.",
      "INTEGER_OUT_OF_RANGE": "{0} se encuentra fuera de rango con respecto a Números enteros. Introduzca un número entero entre '{1}' - '{2}'.",
      "INVALID_HTML": "Se quitó la entrada porque tiene un lenguaje de marcado HTML que puede estar dañado.",
      "REMOVE_BUTTON_TITLE": "Quitar",
      "ADD_BUTTON_TITLE": "Agregar",
      "BACK_BUTTON_TITLE": "Atrás",
      "MOVE_UP_BUTTON_TITLE": "Subir",
      "MOVE_DOWN_BUTTON_TITLE": "Bajar",
      "MORE_LINK_TEXT": "Más...",
      "LESS_LINK_TEXT": "Menos...",
      "NO_RESULTS_FOUND": "No se encontró ningún resultado.",
      "FILTER_TEXT": "Filtro",
      "FILTER_BY_CATEGORY": "Filtrar por propiedad",
      "LOADING_TEXT": "Cargando...",
      "NO_FILE_TO_RENDER_TEXT": "No hay ningún archivo para visualizar.",
      "NO_FILE_TO_DOWNLOAD_TEXT": "No hay ningún archivo para descargar.",
      "SET_PANEL_CAPTION": "Agregar",
      "SERVER_ERROR": "El servidor encontró un error.",
      "COLLAPSE": "Contraer",
      "EXPAND": "Expandir",
      "OPEN_PANEL": "Abrir el panel",
      "CLOSE_PANEL": "Cerrar el panel",
      "NO_COMMANDS_TEXT": "No se encuentra disponible ningún comando"
    },
    "dateTimeServiceMessages": {
      "closeText": "Realizado",
      "prevText": "Anterior",
      "nextText": "Siguiente",
      "currentText": "Hoy",
      "monthName_01": "Enero",
      "monthName_02": "Febrero",
      "monthName_03": "Marzo",
      "monthName_04": "Abril",
      "monthName_05": "Mayo",
      "monthName_06": "Junio",
      "monthName_07": "Julio",
      "monthName_08": "Agosto",
      "monthName_09": "Septiembre",
      "monthName_10": "Octubre",
      "monthName_11": "Noviembre",
      "monthName_12": "Diciembre",
      "monthNameShort_01": "Ene",
      "monthNameShort_02": "Feb",
      "monthNameShort_03": "Mar",
      "monthNameShort_04": "Abr",
      "monthNameShort_05": "Mayo",
      "monthNameShort_06": "Jun",
      "monthNameShort_07": "Jul",
      "monthNameShort_08": "Ago",
      "monthNameShort_09": "Sep",
      "monthNameShort_10": "Oct",
      "monthNameShort_11": "Nov",
      "monthNameShort_12": "Dic",
      "dayName_01": "Domingo",
      "dayName_02": "Lunes",
      "dayName_03": "Martes",
      "dayName_04": "Miércoles",
      "dayName_05": "Jueves",
      "dayName_06": "Viernes",
      "dayName_07": "Sábado",
      "dayNameShort_01": "Dom",
      "dayNameShort_02": "Lun",
      "dayNameShort_03": "Mar",
      "dayNameShort_04": "Mié",
      "dayNameShort_05": "Jue",
      "dayNameShort_06": "Vie",
      "dayNameShort_07": "Sáb",
      "dayNameMin_01": "Dom",
      "dayNameMin_02": "Lun",
      "dayNameMin_03": "Mar",
      "dayNameMin_04": "Mié",
      "dayNameMin_05": "Jue",
      "dayNameMin_06": "Vie",
      "dayNameMin_07": "Sáb",
      "weekHeader": "Sem",
      "dateFormat": "mm/dd/aa",
      "yearSuffix": "",
      "anteMeridiem": "am",
      "postMeridiem": "pm"
    },
    "dragAndDropMessages": {
      "dropCompleted": "Se agregaron \"{0}\" archivos a \"{1}\".",
      "dropCompletedDocument": "\"{0}\" fue agregado a \"{1}\" con {2} adjuntos."
    },
    "editHandlerMessages": {
      "navigationConfirmationSingle": "\"{0}\" tiene ediciones sin guardar.",
      "navigationConfirmationMultiple": "Hay ediciones sin guardar.",
      "discard": "Desechar",
      "save": "Guardar",
      "validationError": "Hay errores en la validación. Corrija dichos errores y vuelva a guardar."
    },
    "SearchCoreMessages": {
      "preferredSearches": "Búsquedas preferentes",
      "regularSearches": "Otras búsquedas"
    },
    "treeTableMessages": {
      "TwistieTooltipCollapsed": "Mostrar hijos",
      "TwistieTooltipExpanded": "Ocultar hijos",
      "freezeMenu": "Congelar",
      "unfreezeMenu": "Desbloquear",
      "visibilityControlsTitle": "Mostrar/Ocultar",
      "arrangeMenu": "Ordenar",
      "sortAscending": "Ordenar en forma ascendente",
      "sortDescending": "Ordenar en forma descendente",
      "removeSort": "Sin clasificación",
      "removeAllFilters": "Quitar todos los filtros"
    },
    "UIElementsMessages": {
      "clientBuild": "Versión de cliente",
      "logFile": "Archivo de registro de la sesión del usuario",
      "aw_rightWall": "Pared derecha",
      "aw_footer": "Pie en sitios móviles",
      "aw_primaryWorkArea": "Área de trabajo primaria",
      "aw_globalNavigationbar": "Navegación global"
    },
    "UIMessages": {
      "browserTitle": "Teamcenter",
      "changeThemeCommand": "Ajustes",
      "colorFilteringCommand": "Mostrar el filtrado de colores",
      "colorFilteringCommandExit": "Ocultar el filtrado de colores",
      "invalidLOVValue": "El valor de LOV no es válido",
      "invalidStringLength": "La longitud de la cadena no es válida",
      "invalidArraySize": "El tamaño de la matriz no es válido",
      "propertyRequired": "La propiedad es obligatoria",
      "homeCommandTitle": "Inicio",
      "MissingPageTitle": "Falta la página",
      "MissingPageText": "La página solicitada no existe.",
      "backBtn": "Ubicación anterior",
      "selectionCount": "{0} seleccionada",
      "pinCommandTitle": "Patilla de conexión",
      "unpinCommandTitle": "Desconectar",
      "invalidDate": "La fecha final debe ser mayor que la fecha de inicio.",
      "invalidRange": "\"{0}\" no es un rango válido",
      "invalidValue": "Puede introducir números solamente.",
      "invalidPrefilter": "El prefiltro especificado \"{0}\" contiene errores, por lo tanto, no se aplicará completamente a la búsqueda.",
      "fromText": "De",
      "toText": "A",
      "results": "Resultados",
      "noFilterValue": "No asignada",
      "resultsCountLabel": "Se encontraron {0} resultados de {1} \"{2}\"",
      "noSearchResults": "No se encontró ningún resultado correspondiente a  {0} \"{1}\"",
      "resultsCountLabelWithSearchBox": "Se encontraron {0} resultados correspondientes a ",
      "noSearchResultsWithSearchBox": "No se encontró ningún resultado correspondiente a  ",
      "resultsCountLabelWithoutInContentSearch": "Se encontraron {0} resultados de \"{1}\"",
      "resultsCountLabelWithInContentSearch": "{0} resultados encontrados correspondientes a \"{1}\" y a \"{2}\"",
      "noSearchResultsWithoutInContentSearch": "No se encontró ningún resultado en \"{0}\"",
      "noSearchResultsWithInContentSearch": "No se encontró ningún resultado correspondiente a \"{0}\" ni a \"{1}\"",
      "selected": "seleccionado",
      "noProject": "sin proyecto",
      "profile": "Perfil",
      "signOut": "Cerrar la sesión",
      "loadingMsg": "Cargando...",
      "lightTheme": "Claro",
      "darkTheme": "Oscuro",
      "clearBreadCrumb": "Borrar",
      "updateSearchDropDownTitle": "Actualizar los criterios de búsqueda y mantener los filtros",
      "selectionSummaryTitle": "Resumen de la selección",
      "compareTitle": "Comparar",
      "arrangeSelectAll": "Seleccionar todo",
      "arrangeUnselectAll": "Deseleccionar todo",
      "arrangeReset": "Restablecer",
      "arrangeMoveUp": "Subir",
      "arrangeMoveDown": "Bajar",
      "arrange": "Ordenar",
      "arrangeTitle": "Ordenar",
      "arrangeButtonTitle": "Ordenar",
      "showFiltersTitle": "Mostrar los filtros",
      "hideFiltersTitle": "Ocultar los filtros",
      "clearAllFilterTitle": "Borrar todos los filtros",
      "ChooseFile": "Seleccionar archivo",
      "NoFileChosen": "No se ha seleccionado ningún archivo",
      "searchText": "Búsqueda",
      "textFilterTitle": "Filtro de texto",
      "dateFilterTitle": "Filtro de fecha",
      "numericFilterTitle": "Filtro numérico",
      "fromTitle": "De",
      "toTitle": "A",
      "aw_uiGrid": "Rejilla de interfaz de usuario",
      "equalsOperation": "Es igual que",
      "lessThanOperation": "Menor que",
      "greaterThanOperation": "Mayor que",
      "rangeOperation": "Rango",
      "greaterThanFilterTooltip": "Mayor que",
      "greaterThanEqualsFilterTooltip": "Mayor o igual que",
      "lessThanFilterTooltip": "Menor que",
      "lessThanEqualsFilterTooltip": "Menor o igual que",
      "equalsFilterTooltip": "Es igual que",
      "containsFilterTooltip": "Contiene",
      "andFilterTooltip": "y"
    },
    "XRTMessages": {
      "objectNotFound": "No se encontró el objeto que busca o bien usted no dispone de acceso al mismo.",
      "dataCount": "{0} Objetos",
      "selectionCountLabel": "{0} seleccionado de {1}",
      "relation": "Relación",
      "canNotLoadData": "No se pueden cargar los datos cuando la edición se encuentra en curso. Cancele o guarde los cambios para obtener más datos.",
      "error": "Error: {0}",
      "ViewerTitle": "Visualizador",
      "ShowObjectLocationTitle": "Mostrar objeto",
      "LoadingSummary": "Cargando el resumen...",
      "FailureLoadingSummary": "Fallo al cargar el resumen. Vuelva a intentar.",
      "ImpactAnalysisNotSupported": "Actualmente no se soporta el análisis de impacto",
      "showObjectCommandTitle": "Abrir",
      "showObjectCommandDownloadTitle": "Descargar el archivo",
      "objectInfoLabel": "Información",
      "save": "Guardar",
      "startEdit": "Iniciar la edición",
      "discard": "Desechar",
      "failureLeaveConfirmation": "Fallo al dejar la confirmación",
      "failureCreate": "Fallo al crear",
      "failureStartEdit": "Fallo al iniciar la edición",
      "failureSaveEdit": "No se pudo guardar la edición debido a los errores siguientes:",
      "showTableViewText": "Tabla",
      "showListWithSummaryViewText": "Lista con resumen",
      "showTablewithSummaryViewText": "Tabla con resumen",
      "hasValidationErrors": "Hay errores en la validación, corrija dichos errores y vuelva a guardar.",
      "showListViewText": "Lista",
      "showImageViewText": "Imágenes",
      "showCompareViewText": "Comparar",
      "noNavigableData": "El objeto no tiene ningún contenido navegable",
      "objectNavigationSubLocationTitle": "Navegar",
      "uidParameterMissingInURL": "Falta el parámetro UID en la dirección URL",
      "navigationConfirmationSingle": "\"{0}\" tiene ediciones sin guardar.",
      "navigationConfirmationMultiple": "Hay ediciones sin guardar.",
      "noSubLocationFoundWithPageNameToken": "No se encontró ninguna sububicación con el valor simbólico Nombre de página que especificó."
    },
    "momMessages": {
      "labels": "Command Labels",
      "home": "Home",
      "light": "Light",
      "dark": "Dark",
      "changeTheme": "Change Theme",
      "changeLocale": "Change Language",
      "goToTop": "Go to top",
      "uiSettings": "Settings",
      "momCmdShowListViewTitle": "List",
      "momCmdShowSummaryViewTitle": "List with Summary",
      "momCmdShowTableViewTitle": "Table",
      "momCmdShowTableSummaryViewTitle": "Table with Summary",
      "fullScreenCommand": "Full Screen Mode",
      "fullScreenCommandExit": "Exit Full Screen Mode",
      "momLoginOptionsTitle": "Options",
      "momEmptyComponentText": "There is no data to display"
    },
    "portalMessages": {
      "resourceLbl": "",
      "workCenterLbl": "",
      "operationLbl": "",
      "workstationLbl": "",
      "settingsLbl": "",
      "setLineAssignmentLbl": "",
      "filterTagsLbl": ""
    },
    "SearchMessages": {}
  }
}
