{
  "i18n": {
    "awAddDirectiveMessages": {
      "recentSectionTitle": "Recent",
      "otherSectionTitle": "Other",
      "dataSetFileUploadTitle": "File",
      "relationPropLabel": "Relation",
      "loading": "Loading...",
      "Filter": "Filter",
      "refine": "Refine",
      "objectType": "Type",
      "newTabTitle": "New",
      "paletteTabTitle": "Palette",
      "searchTabTitle": "Search",
      "searchSectionTitle": "Search",
      "assignButtonTitle": "Assign",
      "ownProjectSectionTitle": "Owning Project",
      "addProjectButtonTitle": "Add Project",
      "projectsSectionTitle": "Projects",
      "addObjectPanelPinButtonToolTip": "Pin Panel",
      "addObjectPanelUnpinButtonToolTip": "Unpin Panel",
      "pasteSuccessful": "\"{0}\" was added.",
      "submitSuccessful": "\"{0}\" was submitted.",
      "addButtonTitle": "Add",
      "mutiRelationObject": "{0} selections were added.",
      "resultTabTitle": "Results",
      "filterTabTitle": "Filters",
      "keywordsLabel": "Keywords",
      "addButtonInSearch": "Add",
      "datasetName": "Name",
      "datasetDesc": "Description",
      "datasetType": "Type",
      "uploadFile": "Upload File",
      "reference": "Reference",
      "moreLink": "More...",
      "addObjectPanel_oneStepPinCommands": "Add Object Panel One Step Pin Commands",
      "uiwidget_projectSectionCommands": "Project Section Commands",
      "aw_compare": "Compare"
    },
    "awCompareMessages": {
      "arrange": "Arrange"
    },
    "BaseMessages": {
      "RADIO_FALSE": "False",
      "RADIO_TRUE": "True",
      "RADIO_YES": "Yes",
      "RADIO_NO": "No",
      "REQUIRED_TEXT": "Required",
      "PROP_REQUIRED_ERROR": "Property is required",
      "ARRAY_PLACEHOLDER_TEXT": "Type to add a value",
      "MAX_ARRAY_LENGTH": "Only {0} entries are allowed.",
      "NO_LOV_VALUES": "No Matches",
      "INVALID_INTEGER": "{0} is not an Integer. Please enter an Integer value.",
      "INVALID_DATE": "Date should be {0}.",
      "INVALID_DOUBLE": "{0} is not a Double. Please enter a Double value.",
      "INVALID_TIME": "Time should be {0}.",
      "INVALID_TIME_CHAR": "Time should be {0}.",
      "INTEGER_OUT_OF_RANGE": "{0} is out of range for Integers. Please enter an Integer value between '{1}' - '{2}'.",
      "INVALID_HTML": "Your entry was removed because it has potentially dangerous HTML.",
      "REMOVE_BUTTON_TITLE": "Remove",
      "ADD_BUTTON_TITLE": "Add",
      "BACK_BUTTON_TITLE": "Back",
      "MOVE_UP_BUTTON_TITLE": "Move Up",
      "MOVE_DOWN_BUTTON_TITLE": "Move Down",
      "MORE_LINK_TEXT": "More...",
      "LESS_LINK_TEXT": "Less...",
      "NO_RESULTS_FOUND": "No results found.",
      "FILTER_TEXT": "Filter",
      "FILTER_BY_CATEGORY": "Filter By Property",
      "LOADING_TEXT": "Loading...",
      "NO_FILE_TO_RENDER_TEXT": "No file to view.",
      "NO_FILE_TO_DOWNLOAD_TEXT": "No file to download.",
      "SET_PANEL_CAPTION": "Add",
      "SERVER_ERROR": "The server encountered an error.",
      "COLLAPSE": "Collapse",
      "EXPAND": "Expand",
      "OPEN_PANEL": "Open Panel",
      "CLOSE_PANEL": "Close Panel",
      "NO_COMMANDS_TEXT": "No Commands Available"
    },
    "dateTimeServiceMessages": {
      "closeText": "Done",
      "prevText": "Prev",
      "nextText": "Next",
      "currentText": "Today",
      "monthName_01": "January",
      "monthName_02": "February",
      "monthName_03": "March",
      "monthName_04": "April",
      "monthName_05": "May",
      "monthName_06": "June",
      "monthName_07": "July",
      "monthName_08": "August",
      "monthName_09": "September",
      "monthName_10": "October",
      "monthName_11": "November",
      "monthName_12": "December",
      "monthNameShort_01": "Jan",
      "monthNameShort_02": "Feb",
      "monthNameShort_03": "Mar",
      "monthNameShort_04": "Apr",
      "monthNameShort_05": "May",
      "monthNameShort_06": "Jun",
      "monthNameShort_07": "Jul",
      "monthNameShort_08": "Aug",
      "monthNameShort_09": "Sep",
      "monthNameShort_10": "Oct",
      "monthNameShort_11": "Nov",
      "monthNameShort_12": "Dec",
      "dayName_01": "Sunday",
      "dayName_02": "Monday",
      "dayName_03": "Tuesday",
      "dayName_04": "Wednesday",
      "dayName_05": "Thursday",
      "dayName_06": "Friday",
      "dayName_07": "Saturday",
      "dayNameShort_01": "Sun",
      "dayNameShort_02": "Mon",
      "dayNameShort_03": "Tue",
      "dayNameShort_04": "Wed",
      "dayNameShort_05": "Thu",
      "dayNameShort_06": "Fri",
      "dayNameShort_07": "Sat",
      "dayNameMin_01": "Su",
      "dayNameMin_02": "Mo",
      "dayNameMin_03": "Tu",
      "dayNameMin_04": "We",
      "dayNameMin_05": "Th",
      "dayNameMin_06": "Fr",
      "dayNameMin_07": "Sa",
      "weekHeader": "Wk",
      "dateFormat": "mm/dd/yy",
      "yearSuffix": "",
      "anteMeridiem": "AM",
      "postMeridiem": "PM"
    },
    "dragAndDropMessages": {
      "dropCompleted": "\"{0}\" files were added to \"{1}\".",
      "dropCompletedDocument": "\"{0}\" was added to \"{1}\" with {2} attachments."
    },
    "editHandlerMessages": {
      "navigationConfirmationSingle": "\"{0}\" has unsaved edits.",
      "navigationConfirmationMultiple": "There are unsaved edits.",
      "discard": "Discard",
      "save": "Save",
      "validationError": "There are validation errors. Please fix these errors and save again."
    },
    "momMessages": {
      "labels": "Command Labels",
      "home": "Home",
      "light": "Light",
      "dark": "Dark",
      "changeTheme": "Change Theme",
      "changeLocale": "Change Language",
      "goToTop": "Go to top",
      "uiSettings": "Settings",
      "momCmdShowListViewTitle": "List",
      "momCmdShowSummaryViewTitle": "List with Summary",
      "momCmdShowTableViewTitle": "Table",
      "momCmdShowTableSummaryViewTitle": "Table with Summary",
      "fullScreenCommand": "Full Screen Mode",
      "fullScreenCommandExit": "Exit Full Screen Mode",
      "momLoginOptionsTitle": "Options",
      "momEmptyComponentText": "There is no data to display"
    },
    "portalMessages": {
      "resourceLbl": "",
      "workCenterLbl": "",
      "operationLbl": "",
      "workstationLbl": "",
      "settingsLbl": "",
      "setLineAssignmentLbl": "",
      "filterTagsLbl": ""
    },
    "SearchCoreMessages": {
      "preferredSearches": "Preferred Searches",
      "regularSearches": "Other Searches"
    },
    "SearchMessages": {},
    "treeTableMessages": {
      "TwistieTooltipCollapsed": "Show Children",
      "TwistieTooltipExpanded": "Hide Children",
      "freezeMenu": "Freeze",
      "unfreezeMenu": "Unfreeze",
      "visibilityControlsTitle": "Show/Hide",
      "arrangeMenu": "Arrange",
      "sortAscending": "Sort Ascending",
      "sortDescending": "Sort Descending",
      "removeSort": "No Sorting",
      "removeAllFilters": "Remove all filters"
    },
    "UIElementsMessages": {
      "clientBuild": "Client Build",
      "logFile": "User Session Logfile",
      "aw_rightWall": "Right Wall",
      "aw_footer": "Mobile Footer",
      "aw_primaryWorkArea": "Primary Work Area",
      "aw_globalNavigationbar": "Global Navigation"
    },
    "UIMessages": {
      "browserTitle": "Teamcenter",
      "changeThemeCommand": "Settings",
      "colorFilteringCommand": "Show Color Filtering",
      "colorFilteringCommandExit": "Hide Color Filtering",
      "invalidLOVValue": "Invalid LOV value",
      "invalidStringLength": "Invalid string length",
      "invalidArraySize": "Invalid array size",
      "propertyRequired": "Property is required",
      "homeCommandTitle": "Home",
      "MissingPageTitle": "Missing Page",
      "MissingPageText": "The requested page does not exist.",
      "backBtn": "Previous Location",
      "selectionCount": "{0} selected",
      "pinCommandTitle": "Pin",
      "unpinCommandTitle": "Unpin",
      "invalidDate": "The end date should be later than the start date.",
      "invalidRange": "\"{0}\" is not a valid range",
      "invalidValue": "Only numbers can be entered",
      "invalidPrefilter": "The specified prefilter \"{0}\" has errors in it, hence it's not fully applied to the search.",
      "fromText": "From",
      "toText": "To",
      "results": "Results",
      "noFilterValue": "Unassigned",
      "resultsCountLabel": "{0} results found for {1} \"{2}\"",
      "noSearchResults": "No results found for {0} \"{1}\"",
      "resultsCountLabelWithSearchBox": "{0} results found for",
      "noSearchResultsWithSearchBox": "No results found for",
      "resultsCountLabelWithoutInContentSearch": "{0} results found for \"{1}\"",
      "resultsCountLabelWithInContentSearch": "{0} results found for \"{1}\" and \"{2}\"",
      "noSearchResultsWithoutInContentSearch": "No results found for \"{0}\"",
      "noSearchResultsWithInContentSearch": "No results found for \"{0}\" and \"{1}\"",
      "selected": "selected",
      "noProject": "no project",
      "profile": "Profile",
      "signOut": "Sign Out",
      "loadingMsg": "Loading...",
      "lightTheme": "Light",
      "darkTheme": "Dark",
      "clearBreadCrumb": "Clear",
      "updateSearchDropDownTitle": "Update search criteria and keep filters",
      "selectionSummaryTitle": "Selection Summary",
      "compareTitle": "Compare",
      "arrangeSelectAll": "Select All",
      "arrangeUnselectAll": "Unselect All",
      "arrangeReset": "Reset",
      "arrangeMoveUp": "Move up",
      "arrangeMoveDown": "Move down",
      "arrange": "Arrange",
      "arrangeTitle": "Arrange",
      "arrangeButtonTitle": "Arrange",
      "showFiltersTitle": "Show filters",
      "hideFiltersTitle": "Hide filters",
      "clearAllFilterTitle": "Clear all filters",
      "ChooseFile": "Choose File",
      "NoFileChosen": "No File Chosen",
      "searchText": "Search",
      "textFilterTitle": "Text Filter",
      "dateFilterTitle": "Date Filter",
      "numericFilterTitle": "Numeric Filter",
      "fromTitle": "From",
      "toTitle": "To",
      "aw_uiGrid": "ui Grid",
      "equalsOperation": "Equals",
      "lessThanOperation": "Less Than",
      "greaterThanOperation": "Greater Than",
      "rangeOperation": "Range",
      "greaterThanFilterTooltip": "Greater than",
      "greaterThanEqualsFilterTooltip": "Greater than or equal to",
      "lessThanFilterTooltip": "Less than",
      "lessThanEqualsFilterTooltip": "Less than or equal to",
      "equalsFilterTooltip": "Equals",
      "containsFilterTooltip": "Contains",
      "andFilterTooltip": "and"
    },
    "XRTMessages": {
      "objectNotFound": "The object you are looking for could not be found or you do not have access to it",
      "dataCount": "{0} Objects",
      "selectionCountLabel": "{0} selected of {1}",
      "relation": "Relation",
      "canNotLoadData": "Cannot load more data when edit is in progress. Please cancel/save changes to get more data.",
      "error": "Error: {0}",
      "ViewerTitle": "Viewer",
      "ShowObjectLocationTitle": "Show Object",
      "LoadingSummary": "Loading Summary...",
      "FailureLoadingSummary": "Failure in loading Summary. Please try again.",
      "ImpactAnalysisNotSupported": "Impact Analysis not supported currently",
      "showObjectCommandTitle": "Open",
      "showObjectCommandDownloadTitle": "Download File",
      "objectInfoLabel": "Information",
      "save": "Save",
      "startEdit": "Start Edit",
      "discard": "Discard",
      "failureLeaveConfirmation": "Failure in leave confirmation",
      "failureCreate": "Failure in Create",
      "failureStartEdit": "Failure in Start Edit",
      "failureSaveEdit": "Edit not saved because of the following errors:",
      "showTableViewText": "Table",
      "showListWithSummaryViewText": "List with Summary",
      "showTablewithSummaryViewText": "Table with Summary",
      "hasValidationErrors": "There are validation errors, please fix these errors and save again",
      "showListViewText": "List",
      "showImageViewText": "Images",
      "showCompareViewText": "Compare",
      "noNavigableData": "Object does not have any navigable content",
      "objectNavigationSubLocationTitle": "Navigate",
      "uidParameterMissingInURL": "UID parameter missing in URL",
      "navigationConfirmationSingle": "\"{0}\" has unsaved edits.",
      "navigationConfirmationMultiple": "There are unsaved edits.",
      "noSubLocationFoundWithPageNameToken": "No Sub-Location Found With Specified Page NameToken"
    }
  }
}
