{
  "i18n_pl_PL": {
    "awAddDirectiveMessages": {
      "recentSectionTitle": "Ostatni",
      "otherSectionTitle": "Inne",
      "dataSetFileUploadTitle": "Plik",
      "relationPropLabel": "Relacja",
      "loading": "Ładowanie...",
      "Filter": "Filtr",
      "refine": "Zmodyfikuj",
      "objectType": "Typ",
      "newTabTitle": "Nowe",
      "paletteTabTitle": "Paleta",
      "searchTabTitle": "Szukaj",
      "searchSectionTitle": "Szukaj",
      "assignButtonTitle": "Przypisz",
      "ownProjectSectionTitle": "Posiadający projekt",
      "addProjectButtonTitle": "Dodaj projekt",
      "projectsSectionTitle": "Projekty",
      "addObjectPanelPinButtonToolTip": "Przypnij panel",
      "addObjectPanelUnpinButtonToolTip": "Wypnij panel",
      "pasteSuccessful": "Dodano \"{0}\".",
      "submitSuccessful": "Przekazano \"{0}\".",
      "addButtonTitle": "Dodaj",
      "mutiRelationObject": "Dodano {0} wyborów.",
      "resultTabTitle": "Wyniki",
      "filterTabTitle": "Filtry",
      "keywordsLabel": "Słowa kluczowe",
      "addButtonInSearch": "Dodaj",
      "datasetName": "Nazwa",
      "datasetDesc": "Opis",
      "datasetType": "Typ",
      "uploadFile": "Wgraj plik",
      "reference": "Odwołanie",
      "moreLink": "Więcej...",
      "addObjectPanel_oneStepPinCommands": "Polecenia przypinania panelu dodawania elementu w jednym kroku",
      "uiwidget_projectSectionCommands": "Polecenia przekroju projektu",
      "aw_compare": "Porównaj"
    },
    "awCompareMessages": {
      "arrange": "Rozmieść"
    },
    "BaseMessages": {
      "RADIO_FALSE": "Fałsz",
      "RADIO_TRUE": "Prawda",
      "RADIO_YES": "Tak",
      "RADIO_NO": "Nie",
      "REQUIRED_TEXT": "Wymagane",
      "PROP_REQUIRED_ERROR": "Właściwość jest wymagana",
      "ARRAY_PLACEHOLDER_TEXT": "Wpisz, aby dodać wartość",
      "MAX_ARRAY_LENGTH": "Dozwolone wpisy: {0}.",
      "NO_LOV_VALUES": "Brak dopasowań",
      "INVALID_INTEGER": "{0} nie jest liczbą całkowitą. Wprowadź wartość w formie liczby całkowitej.",
      "INVALID_DATE": "Data powinna być następująca: {0}.",
      "INVALID_DOUBLE": "{0} nie jest liczbą rzeczywistą. Wprowadź wartość w formie liczby rzeczywistej.",
      "INVALID_TIME": "Godzina powinien być następująca: {0}.",
      "INVALID_TIME_CHAR": "Godzina powinien być następująca: {0}.",
      "INTEGER_OUT_OF_RANGE": "{0} wykracza poza zakres liczb całkowitych. Wprowadź wartość liczby całkowitej z zakresu od '{1}' - '{2}'.",
      "INVALID_HTML": "Wpis został usunięty, ponieważ zawiera on potencjalnie niebezpieczny kod HTML.",
      "REMOVE_BUTTON_TITLE": "Usuń",
      "ADD_BUTTON_TITLE": "Dodaj",
      "BACK_BUTTON_TITLE": "Wstecz",
      "MOVE_UP_BUTTON_TITLE": "Przenieś w górę",
      "MOVE_DOWN_BUTTON_TITLE": "Przenieś w dół",
      "MORE_LINK_TEXT": "Więcej...",
      "LESS_LINK_TEXT": "Mniej...",
      "NO_RESULTS_FOUND": "Nie znaleziono wyników.",
      "FILTER_TEXT": "Filtr",
      "FILTER_BY_CATEGORY": "Filtruj według właściwości",
      "LOADING_TEXT": "Ładowanie...",
      "NO_FILE_TO_RENDER_TEXT": "Brak pliku do wyświetlenia.",
      "NO_FILE_TO_DOWNLOAD_TEXT": "Brak pliku do pobrania.",
      "SET_PANEL_CAPTION": "Dodaj",
      "SERVER_ERROR": "Serwer napotkał błąd.",
      "COLLAPSE": "Zwiń",
      "EXPAND": "Rozwiń",
      "OPEN_PANEL": "Otwórz panel",
      "CLOSE_PANEL": "Zamknij panel",
      "NO_COMMANDS_TEXT": "Brak dostępnych poleceń"
    },
    "dateTimeServiceMessages": {
      "closeText": "Gotowe",
      "prevText": "Poprzednie",
      "nextText": "Dalej",
      "currentText": "Dzisiaj",
      "monthName_01": "Styczeń",
      "monthName_02": "Luty",
      "monthName_03": "Marzec",
      "monthName_04": "Kwiecień",
      "monthName_05": "Maj",
      "monthName_06": "Czerwiec",
      "monthName_07": "Lipiec",
      "monthName_08": "Sierpień",
      "monthName_09": "Wrzesień",
      "monthName_10": "Październik",
      "monthName_11": "Listopad",
      "monthName_12": "Grudzień",
      "monthNameShort_01": "Sty",
      "monthNameShort_02": "Lut",
      "monthNameShort_03": "Mar",
      "monthNameShort_04": "Kwi",
      "monthNameShort_05": "Maj",
      "monthNameShort_06": "Cze",
      "monthNameShort_07": "Lip",
      "monthNameShort_08": "Sie",
      "monthNameShort_09": "Wrz",
      "monthNameShort_10": "Paź",
      "monthNameShort_11": "Lis",
      "monthNameShort_12": "Gru",
      "dayName_01": "Niedziela",
      "dayName_02": "Poniedziałek",
      "dayName_03": "Wtorek",
      "dayName_04": "Środa",
      "dayName_05": "Czwartek",
      "dayName_06": "Piątek",
      "dayName_07": "Sobota",
      "dayNameShort_01": "Nd",
      "dayNameShort_02": "Pn",
      "dayNameShort_03": "Wt",
      "dayNameShort_04": "Śr",
      "dayNameShort_05": "Cz",
      "dayNameShort_06": "Pt",
      "dayNameShort_07": "Sb",
      "dayNameMin_01": "Ni",
      "dayNameMin_02": "Mo",
      "dayNameMin_03": "Wt",
      "dayNameMin_04": "We",
      "dayNameMin_05": "Th",
      "dayNameMin_06": "Pi",
      "dayNameMin_07": "So",
      "weekHeader": "Tyg",
      "dateFormat": "mm/dd/rr",
      "yearSuffix": "",
      "anteMeridiem": "AM",
      "postMeridiem": "PM"
    },
    "dragAndDropMessages": {
      "dropCompleted": "\"{0}\" plików dodano do \"{1}\".",
      "dropCompletedDocument": "\"{0}\" dodano do \"{1}\" z uwzględnieniem {2} załączników."
    },
    "editHandlerMessages": {
      "navigationConfirmationSingle": "\"{0}\" zawiera niezapisane zmiany.",
      "navigationConfirmationMultiple": "Znaleziono niezapisane zmiany.",
      "discard": "Odrzuć",
      "save": "Zapisz",
      "validationError": "Wystąpiły błędy walidacji. Napraw je, a następnie zapisz ponownie."
    },
    "SearchCoreMessages": {
      "preferredSearches": "Preferowane wyszukiwanie",
      "regularSearches": "Inne wyszukiwania"
    },
    "treeTableMessages": {
      "TwistieTooltipCollapsed": "Pokaż elementy podrzędne",
      "TwistieTooltipExpanded": "Ukryj elementy podrzędne",
      "freezeMenu": "Zamroź",
      "unfreezeMenu": "Wznów",
      "visibilityControlsTitle": "Pokaż/Ukryj",
      "arrangeMenu": "Rozmieść",
      "sortAscending": "Sortuj rosnąco",
      "sortDescending": "Sortuj malejąco",
      "removeSort": "Bez sortowania",
      "removeAllFilters": "Usuń wszystkie filtry"
    },
    "UIElementsMessages": {
      "clientBuild": "Kompilacja klienta",
      "logFile": "Plik dziennika sesji użytkownika",
      "aw_rightWall": "Prawa ścianka",
      "aw_footer": "Stopka mobilna",
      "aw_primaryWorkArea": "Główny obszar roboczy",
      "aw_globalNavigationbar": "Nawigacja globalna"
    },
    "UIMessages": {
      "browserTitle": "Teamcenter",
      "changeThemeCommand": "Ustawienia",
      "colorFilteringCommand": "Pokaż filtrowanie kolorów",
      "colorFilteringCommandExit": "Ukryj filtrowanie kolorów",
      "invalidLOVValue": "Nieprawidłowa wartość LW",
      "invalidStringLength": "Nieprawidłowa długość łańcucha",
      "invalidArraySize": "Nieprawidłowy rozmiar tablicy",
      "propertyRequired": "Właściwość jest wymagana",
      "homeCommandTitle": "Folder osobisty",
      "MissingPageTitle": "Brakująca strona",
      "MissingPageText": "Żądana strona nie istnieje.",
      "backBtn": "Poprzednia lokalizacja",
      "selectionCount": "{0} wybrano",
      "pinCommandTitle": "Przypnij",
      "unpinCommandTitle": "Wypnij",
      "invalidDate": "Data zakończenia musi być późniejsza niż data rozpoczęcia.",
      "invalidRange": "\"{0}\" nie jest prawidłowym zakresem",
      "invalidValue": "Można wprowadzać wyłącznie liczby",
      "invalidPrefilter": "Określony filtr wstępny \"{0}\" zawiera błędy, ponieważ nie został on w pełni zastosowany do wyszukiwania.",
      "fromText": "Od",
      "toText": "Do",
      "results": "Wyniki",
      "noFilterValue": "Nieprzypisane",
      "resultsCountLabel": "Znaleziono {0} wyników dla {1} \"{2}\"",
      "noSearchResults": "Nie znaleziono wyników dla {0} \"{1}\"",
      "resultsCountLabelWithSearchBox": "{0} Znaleziono wyniki dla",
      "noSearchResultsWithSearchBox": "Nie znaleziono wyników dla",
      "resultsCountLabelWithoutInContentSearch": "Znaleziono {0} wyników dla \"{1}\"",
      "resultsCountLabelWithInContentSearch": "Znaleziono {0} wyników dla \"{1}\" i \"{2}\"",
      "noSearchResultsWithoutInContentSearch": "Nie znaleziono wyników dla \"{0}\"",
      "noSearchResultsWithInContentSearch": "Nie znaleziono wyników dla \"{0}\" i \"{1}\"",
      "selected": "wybrano",
      "noProject": "brak projektu",
      "profile": "Profil",
      "signOut": "Wyloguj",
      "loadingMsg": "Ładowanie...",
      "lightTheme": "Jasne",
      "darkTheme": "Ciemne",
      "clearBreadCrumb": "Wyczyść",
      "updateSearchDropDownTitle": "Aktualizuj kryteria wyszukiwania i zachowaj filtry",
      "selectionSummaryTitle": "Podsumowanie wyboru",
      "compareTitle": "Porównaj",
      "arrangeSelectAll": "Zaznacz wszystko",
      "arrangeUnselectAll": "Usuń zaznaczenie wszystkich",
      "arrangeReset": "Resetuj",
      "arrangeMoveUp": "Przenieś w górę",
      "arrangeMoveDown": "Przenieś w dół",
      "arrange": "Rozmieść",
      "arrangeTitle": "Rozmieść",
      "arrangeButtonTitle": "Rozmieść",
      "showFiltersTitle": "Pokaż filtry",
      "hideFiltersTitle": "Ukryj filtry",
      "clearAllFilterTitle": "Wyczyść wszystkie filtry",
      "ChooseFile": "Wybierz plik",
      "NoFileChosen": "Nie wybrano pliku",
      "searchText": "Szukaj",
      "textFilterTitle": "Filtr tekstowy",
      "dateFilterTitle": "Filtr daty",
      "numericFilterTitle": "Filtr numeryczny",
      "fromTitle": "Od",
      "toTitle": "Do",
      "aw_uiGrid": "Siatka interfejsu użytkownika",
      "equalsOperation": "Równa się",
      "lessThanOperation": "Mniejsze niż",
      "greaterThanOperation": "Większe niż",
      "rangeOperation": "Zakres",
      "greaterThanFilterTooltip": "Większe niż",
      "greaterThanEqualsFilterTooltip": "Większe lub równe",
      "lessThanFilterTooltip": "Mniejsze niż",
      "lessThanEqualsFilterTooltip": "Mniejsze lub równe",
      "equalsFilterTooltip": "Równa się",
      "containsFilterTooltip": "Zawiera",
      "andFilterTooltip": "oraz"
    },
    "XRTMessages": {
      "objectNotFound": "Wyszukiwany element nie został znaleziony lub użytkownik nie ma do niego dostępu",
      "dataCount": "{0}Obiekty",
      "selectionCountLabel": "Wybrano {0} z {1}",
      "relation": "Relacja",
      "canNotLoadData": "Nie można wczytać więcej danych podczas trwania edycji. Anuluj lub zapisz zmiany, aby pobrać więcej danych.",
      "error": "Błąd: {0}",
      "ViewerTitle": "Przeglądarka",
      "ShowObjectLocationTitle": "Pokaż element",
      "LoadingSummary": "Wgrywanie podsumowania...",
      "FailureLoadingSummary": "Błąd podczas wgrywania podsumowania. Spróbuj ponownie.",
      "ImpactAnalysisNotSupported": "Analiza wpływu nie jest obecnie obsługiwana",
      "showObjectCommandTitle": "Otwórz",
      "showObjectCommandDownloadTitle": "Pobierz plik",
      "objectInfoLabel": "Informacja",
      "save": "Zapisz",
      "startEdit": "Rozpocznij edycję",
      "discard": "Odrzuć",
      "failureLeaveConfirmation": "Błąd podczas potwierdzania zamknięcia",
      "failureCreate": "Błąd podczas tworzenia",
      "failureStartEdit": "Błąd podczas rozpoczynania edycji",
      "failureSaveEdit": "Nie zapisano zmian z powodu następujących błędów:",
      "showTableViewText": "Tabela",
      "showListWithSummaryViewText": "Lista z podsumowaniem",
      "showTablewithSummaryViewText": "Tabela z podsumowaniem",
      "hasValidationErrors": "Znaleziono błędy walidacji, napraw błędy i zapisz ponownie",
      "showListViewText": "Lista",
      "showImageViewText": "Obrazy",
      "showCompareViewText": "Porównaj",
      "noNavigableData": "Elementy nie mają zawartości, po której możliwa byłaby nawigacja",
      "objectNavigationSubLocationTitle": "Nawigacja",
      "uidParameterMissingInURL": "Brak parametru UID w adresie URL",
      "navigationConfirmationSingle": "\"{0}\" zawiera niezapisane zmiany.",
      "navigationConfirmationMultiple": "Znaleziono niezapisane zmiany.",
      "noSubLocationFoundWithPageNameToken": "Nie znaleziono lokalizacji podrzędnej z określonym tokenem nazwy strony"
    },
    "momMessages": {
      "labels": "Command Labels",
      "home": "Home",
      "light": "Light",
      "dark": "Dark",
      "changeTheme": "Change Theme",
      "changeLocale": "Change Language",
      "goToTop": "Go to top",
      "uiSettings": "Settings",
      "momCmdShowListViewTitle": "List",
      "momCmdShowSummaryViewTitle": "List with Summary",
      "momCmdShowTableViewTitle": "Table",
      "momCmdShowTableSummaryViewTitle": "Table with Summary",
      "fullScreenCommand": "Full Screen Mode",
      "fullScreenCommandExit": "Exit Full Screen Mode",
      "momLoginOptionsTitle": "Options",
      "momEmptyComponentText": "There is no data to display"
    },
    "portalMessages": {
      "resourceLbl": "",
      "workCenterLbl": "",
      "operationLbl": "",
      "workstationLbl": "",
      "settingsLbl": "",
      "setLineAssignmentLbl": "",
      "filterTagsLbl": ""
    },
    "SearchMessages": {}
  }
}
