{
  "i18n_fr": {
    "awAddDirectiveMessages": {
      "recentSectionTitle": "Récents",
      "otherSectionTitle": "Autre",
      "dataSetFileUploadTitle": "Fichier",
      "relationPropLabel": "Relation",
      "loading": "Chargement...",
      "Filter": "Filtre",
      "refine": "Affiner",
      "objectType": "Type",
      "newTabTitle": "Nouveau",
      "paletteTabTitle": "Palette",
      "searchTabTitle": "Rechercher",
      "searchSectionTitle": "Rechercher",
      "assignButtonTitle": "Affecter",
      "ownProjectSectionTitle": "Projet propriétaire",
      "addProjectButtonTitle": "Ajouter un projet",
      "projectsSectionTitle": "Projets",
      "addObjectPanelPinButtonToolTip": "Epingler le panneau",
      "addObjectPanelUnpinButtonToolTip": "Débloquer le panneau",
      "pasteSuccessful": "\"{0}\" a été ajouté.",
      "submitSuccessful": "\"{0}\" a été soumis.",
      "addButtonTitle": "Ajouter",
      "mutiRelationObject": "{0} sélections ont été ajoutées.",
      "resultTabTitle": "Résultats",
      "filterTabTitle": "Filtres",
      "keywordsLabel": "Mots-clés",
      "addButtonInSearch": "Ajouter",
      "datasetName": "Nom",
      "datasetDesc": "Description",
      "datasetType": "Type",
      "uploadFile": "Importer le fichier",
      "reference": "Référence",
      "moreLink": "Plus...",
      "addObjectPanel_oneStepPinCommands": "Commandes Epingler en une étape Ajouter Panneau Objet",
      "uiwidget_projectSectionCommands": "Commandes Section de projet",
      "aw_compare": "Comparer"
    },
    "awCompareMessages": {
      "arrange": "Disposer"
    },
    "BaseMessages": {
      "RADIO_FALSE": "Faux",
      "RADIO_TRUE": "Vrai",
      "RADIO_YES": "Oui",
      "RADIO_NO": "Non",
      "REQUIRED_TEXT": "Obligatoire",
      "PROP_REQUIRED_ERROR": "Propriété requise",
      "ARRAY_PLACEHOLDER_TEXT": "Taper pour ajouter une valeur",
      "MAX_ARRAY_LENGTH": "Seules {0} entrées sont autorisées.",
      "NO_LOV_VALUES": "Pas de correspondance",
      "INVALID_INTEGER": "{0} n'est pas un entier. Entrez une valeur entière.",
      "INVALID_DATE": "La date doit être {0}.",
      "INVALID_DOUBLE": "{0} n'est pas un réel double précision. Entrez un réel double précision.",
      "INVALID_TIME": "L'heure doit être {0}.",
      "INVALID_TIME_CHAR": "L'heure doit être {0}.",
      "INTEGER_OUT_OF_RANGE": "{0} n'est pas dans la plage d'entiers. Entrez une valeur entière comprise entre '{1}' et '{2}'.",
      "INVALID_HTML": "Votre entrée a été supprimée car elle contient du HTML potentiellement dangereux. ",
      "REMOVE_BUTTON_TITLE": "Supprimer",
      "ADD_BUTTON_TITLE": "Ajouter",
      "BACK_BUTTON_TITLE": "Précédent",
      "MOVE_UP_BUTTON_TITLE": "Vers le haut",
      "MOVE_DOWN_BUTTON_TITLE": "Vers le bas",
      "MORE_LINK_TEXT": "Plus...",
      "LESS_LINK_TEXT": "Moins...",
      "NO_RESULTS_FOUND": "Aucun résultat trouvé. ",
      "FILTER_TEXT": "Filtre",
      "FILTER_BY_CATEGORY": "Filtrer par propriété",
      "LOADING_TEXT": "Chargement...",
      "NO_FILE_TO_RENDER_TEXT": "Aucun fichier à visualiser.",
      "NO_FILE_TO_DOWNLOAD_TEXT": "Aucun fichier à exporter.",
      "SET_PANEL_CAPTION": "Ajouter",
      "SERVER_ERROR": "Le serveur a détecté une erreur.",
      "COLLAPSE": "Comprimer",
      "EXPAND": "Développer",
      "OPEN_PANEL": "Ouvrir le panneau",
      "CLOSE_PANEL": "Fermer le panneau",
      "NO_COMMANDS_TEXT": "Pas de commande disponible"
    },
    "dateTimeServiceMessages": {
      "closeText": "Terminé",
      "prevText": "Précédent",
      "nextText": "Suivant",
      "currentText": "Aujourd'hui",
      "monthName_01": "Janvier",
      "monthName_02": "Février",
      "monthName_03": "Mars",
      "monthName_04": "Avril",
      "monthName_05": "Mai",
      "monthName_06": "Juin",
      "monthName_07": "Juillet",
      "monthName_08": "Août",
      "monthName_09": "Septembre",
      "monthName_10": "Octobre",
      "monthName_11": "Novembre",
      "monthName_12": "Décembre",
      "monthNameShort_01": "Jan",
      "monthNameShort_02": "Fév",
      "monthNameShort_03": "Mars",
      "monthNameShort_04": "Avr",
      "monthNameShort_05": "Mai",
      "monthNameShort_06": "Juin",
      "monthNameShort_07": "Juil",
      "monthNameShort_08": "Aoû",
      "monthNameShort_09": "Sep",
      "monthNameShort_10": "Oct",
      "monthNameShort_11": "Nov",
      "monthNameShort_12": "Déc",
      "dayName_01": "Dimanche",
      "dayName_02": "Lundi",
      "dayName_03": "Mardi",
      "dayName_04": "Mercredi",
      "dayName_05": "Jeudi",
      "dayName_06": "Vendredi",
      "dayName_07": "Samedi",
      "dayNameShort_01": "Dim",
      "dayNameShort_02": "Lun",
      "dayNameShort_03": "Mar",
      "dayNameShort_04": "Mer",
      "dayNameShort_05": "Jeu",
      "dayNameShort_06": "Ven",
      "dayNameShort_07": "Sam",
      "dayNameMin_01": "Di",
      "dayNameMin_02": "Mo",
      "dayNameMin_03": "Ma",
      "dayNameMin_04": "We",
      "dayNameMin_05": "Th",
      "dayNameMin_06": "Ve",
      "dayNameMin_07": "Sa",
      "weekHeader": "semaine",
      "dateFormat": "mm/jj/aa",
      "yearSuffix": "",
      "anteMeridiem": "AM",
      "postMeridiem": "PM"
    },
    "dragAndDropMessages": {
      "dropCompleted": "\"{0}\" fichiers ont été ajoutés à \"{1}\".",
      "dropCompletedDocument": "\"{0}\" a été ajouté à \"{1}\" avec {2} pièces jointes."
    },
    "editHandlerMessages": {
      "navigationConfirmationSingle": "\"{0}\" a des éditions non sauvegardées.",
      "navigationConfirmationMultiple": "Il y a des éditions non sauvegardées.",
      "discard": "Rejeter",
      "save": "Sauvegarder",
      "validationError": "Il y a des erreurs de validation. Corrigez-les et resauvegardez."
    },
    "SearchCoreMessages": {
      "preferredSearches": "Recherches préférées",
      "regularSearches": "Autres recherches"
    },
    "treeTableMessages": {
      "TwistieTooltipCollapsed": "Afficher les enfants",
      "TwistieTooltipExpanded": "Cacher les enfants",
      "freezeMenu": "Geler",
      "unfreezeMenu": "Figer",
      "visibilityControlsTitle": "Afficher/Masquer",
      "arrangeMenu": "Disposer",
      "sortAscending": "Trier croissant",
      "sortDescending": "Trier décroissant",
      "removeSort": "Pas de tri",
      "removeAllFilters": "Supprimer tous les filtres"
    },
    "UIElementsMessages": {
      "clientBuild": "Build Client",
      "logFile": "Fichier journal de session utilisateur",
      "aw_rightWall": "Right Wall",
      "aw_footer": "Mobile Footer",
      "aw_primaryWorkArea": "Zone de travail principale",
      "aw_globalNavigationbar": "Navigation globale"
    },
    "UIMessages": {
      "browserTitle": "Teamcenter",
      "changeThemeCommand": "Paramètres",
      "colorFilteringCommand": "Afficher le filtrage de couleur",
      "colorFilteringCommandExit": "Cacher le filtrage de couleur",
      "invalidLOVValue": "Valeur LOV non valable",
      "invalidStringLength": "Longueur de chaîne d'argument non valable",
      "invalidArraySize": "Taille de tableau non valable",
      "propertyRequired": "Propriété requise",
      "homeCommandTitle": "Accueil",
      "MissingPageTitle": "Page manquante",
      "MissingPageText": "La page demandée n'existe pas.",
      "backBtn": "Emplacement précédent",
      "selectionCount": "{0} sélectionné",
      "pinCommandTitle": "Epingler",
      "unpinCommandTitle": "Débloquer",
      "invalidDate": "La date de fin doit être ultérieure à la date de début.",
      "invalidRange": "\"{0}\" n'est pas une plage valable.",
      "invalidValue": "Seuls des nombres peuvent être saisis",
      "invalidPrefilter": "Le préfiltre spécifié \"{0}\" contient des erreurs, donc il n'est pas complètement appliqué à la recherche.",
      "fromText": "De",
      "toText": "A",
      "results": "Résultats",
      "noFilterValue": "Non affecté",
      "resultsCountLabel": "{0} résultats trouvés pour {1} \"{2}\"",
      "noSearchResults": "Aucun résultat trouvé pour {0} \"{1}\"",
      "resultsCountLabelWithSearchBox": "{0} résultats trouvés pour",
      "noSearchResultsWithSearchBox": "Aucun résultat trouvé pour",
      "resultsCountLabelWithoutInContentSearch": "{0} résultats trouvés pour \"{1}\"",
      "resultsCountLabelWithInContentSearch": "{0} résultats trouvés pour \"{1}\" et \"{2}\" ",
      "noSearchResultsWithoutInContentSearch": "Aucun résultat trouvé pour \"{0}\"",
      "noSearchResultsWithInContentSearch": "Aucun résultat trouvé pour \"{0}\" et \"{1}\"",
      "selected": "sélectionné",
      "noProject": "pas de projet",
      "profile": "Profil",
      "signOut": "Se déconnecter",
      "loadingMsg": "Chargement...",
      "lightTheme": "Clair",
      "darkTheme": "Sombre",
      "clearBreadCrumb": "Effacer",
      "updateSearchDropDownTitle": "Mettre à jour les critères de recherche et conserver les filtres",
      "selectionSummaryTitle": "Résumé Sélection",
      "compareTitle": "Comparer",
      "arrangeSelectAll": "Sélectionner tout",
      "arrangeUnselectAll": "Désélectionner tout",
      "arrangeReset": "Réinitialiser",
      "arrangeMoveUp": "Déplacer vers le haut",
      "arrangeMoveDown": "Déplacer vers le bas",
      "arrange": "Disposer",
      "arrangeTitle": "Disposer",
      "arrangeButtonTitle": "Disposer",
      "showFiltersTitle": "Afficher les filtres",
      "hideFiltersTitle": "Masquer les filtres",
      "clearAllFilterTitle": "Effacer tous les filtres",
      "ChooseFile": "Choisir le fichier",
      "NoFileChosen": "Aucun fichier choisi",
      "searchText": "Rechercher",
      "textFilterTitle": "Filtre de texte",
      "dateFilterTitle": "Filtre de date",
      "numericFilterTitle": "Filtre numérique",
      "fromTitle": "De",
      "toTitle": "A",
      "aw_uiGrid": "Grille ui",
      "equalsOperation": "Egal à",
      "lessThanOperation": "Inférieur à",
      "greaterThanOperation": "Supérieur à",
      "rangeOperation": "Plage",
      "greaterThanFilterTooltip": "Supérieur à",
      "greaterThanEqualsFilterTooltip": "Supérieur ou égal à",
      "lessThanFilterTooltip": "Inférieur à",
      "lessThanEqualsFilterTooltip": "Inférieur ou égal à",
      "equalsFilterTooltip": "Egal à",
      "containsFilterTooltip": "Contient",
      "andFilterTooltip": "et"
    },
    "XRTMessages": {
      "objectNotFound": "L'objet que vous recherchez est introuvable, ou vous n'y avez pas accès",
      "dataCount": "{0} objets",
      "selectionCountLabel": "{0} sélectionné(s) sur {1}",
      "relation": "Relation",
      "canNotLoadData": "Impossible de charger plus de données alors qu'une édition est en cours. Annulez ou sauvegardez les modifications pour obtenir plus de données.",
      "error": "Erreur: {0}",
      "ViewerTitle": "Afficheur",
      "ShowObjectLocationTitle": "Afficher l'objet",
      "LoadingSummary": "Chargement du résumé...",
      "FailureLoadingSummary": "Echec de chargement du résumé. Réessayez.",
      "ImpactAnalysisNotSupported": "Analyse d'impact non prise en charge actuellement",
      "showObjectCommandTitle": "Ouvrir",
      "showObjectCommandDownloadTitle": "Exporter le fichier",
      "objectInfoLabel": "Informations",
      "save": "Sauvegarder",
      "startEdit": "Commencer l’édition",
      "discard": "Rejeter",
      "failureLeaveConfirmation": "Echec de confirmation de sortie",
      "failureCreate": "Echec de Créer",
      "failureStartEdit": "Echec de Commencer l'édition",
      "failureSaveEdit": "Modification non enregistrée en raison des erreurs suivantes :",
      "showTableViewText": "Tableau",
      "showListWithSummaryViewText": "Liste avec résumé",
      "showTablewithSummaryViewText": "Tableau avec résumé",
      "hasValidationErrors": "Il y a des erreurs de validation, corrigez-les et resauvegardez",
      "showListViewText": "Liste",
      "showImageViewText": "Images",
      "showCompareViewText": "Comparer",
      "noNavigableData": "L'objet n'a pas de contenu navigable",
      "objectNavigationSubLocationTitle": "Naviguer",
      "uidParameterMissingInURL": "Paramètre UID absent dans l'URL",
      "navigationConfirmationSingle": "\"{0}\" a des éditions non sauvegardées.",
      "navigationConfirmationMultiple": "Il y a des éditions non sauvegardées.",
      "noSubLocationFoundWithPageNameToken": "Aucun sous-emplacement trouvé avec le jeton de nom de page spécifié"
    },
    "momMessages": {
      "labels": "Command Labels",
      "home": "Home",
      "light": "Light",
      "dark": "Dark",
      "changeTheme": "Change Theme",
      "changeLocale": "Change Language",
      "goToTop": "Go to top",
      "uiSettings": "Settings",
      "momCmdShowListViewTitle": "List",
      "momCmdShowSummaryViewTitle": "List with Summary",
      "momCmdShowTableViewTitle": "Table",
      "momCmdShowTableSummaryViewTitle": "Table with Summary",
      "fullScreenCommand": "Full Screen Mode",
      "fullScreenCommandExit": "Exit Full Screen Mode",
      "momLoginOptionsTitle": "Options",
      "momEmptyComponentText": "There is no data to display"
    },
    "portalMessages": {
      "resourceLbl": "",
      "workCenterLbl": "",
      "operationLbl": "",
      "workstationLbl": "",
      "settingsLbl": "",
      "setLineAssignmentLbl": "",
      "filterTagsLbl": ""
    },
    "SearchMessages": {}
  }
}
