{
  "typeProperties": {
    "BusinessObject": {
      "displayProperty": "object_string",
      "additionalProperties": [
        {
          "name": "awp0CellProperties"
        },
        {
          "name": "awp0ThumbnailImageTicket"
        }
      ]
    },
    "Group": {
      "displayProperty": "object_full_name"
    },
    "ImanFile": {
      "displayProperty": "original_file_name"
    },
    "ImanRelation": {
      "displayProperty": "relation_type"
    },
    "ImanVolume": {
      "displayProperty": "volume_name"
    },
    "ListOfValues": {
      "displayProperty": "lov_name"
    },
    "MECfgLine": {
      "displayProperty": "me_cl_display_string"
    },
    "Person": {
      "displayProperty": "user_name"
    },
    "POM_imc": {
      "displayProperty": "name"
    },
    "POM_user": {
      "displayProperty": "user_name"
    },
    "Role": {
      "displayProperty": "role_name"
    },
    "Signoff": {
      "displayProperty": "object_name"
    }
  }
}
